Harvard_L01_S01_0|The birch canoe slid on the smooth planks.
Harvard_L01_S02_0|Glue the sheet to the dark blue background.
Harvard_L01_S03_0|It's easy to tell the depth of a well.
Harvard_L01_S04_0|These days a chicken leg is a rare dish.
Harvard_L01_S05_0|Rice is often served in round bowls.
Harvard_L01_S06_0|The juice of lemons makes fine punch.
Harvard_L01_S07_0|The box was thrown beside the parked truck.
Harvard_L01_S08_0|The hogs were fed chopped corn and garbage.
Harvard_L01_S09_0|Four hours of steady work faced us.
Harvard_L01_S10_0|Large size in stockings is hard to sell.
Harvard_L02_S01_0|The boy was there when the sun rose.
Harvard_L02_S02_0|A rod is used to catch pink salmon.
Harvard_L02_S03_0|The source of the huge river is the clear spring.
Harvard_L02_S04_0|Kick the ball straight and follow through.
Harvard_L02_S05_0|Help the woman get back to her feet.
Harvard_L02_S06_0|A pot of tea helps to pass the evening.
Harvard_L02_S07_0|Smoky fires lack flame and heat.
Harvard_L02_S08_0|The soft cushion broke the man's fall.
Harvard_L02_S09_0|The salt breeze came across from the sea.
Harvard_L02_S10_0|The girl at the booth sold fifty bonds.
Harvard_L03_S01_0|The small pup gnawed a hole in the sock.
Harvard_L03_S02_0|The fish twisted and turned on the bent hook.
Harvard_L03_S03_0|Press the pants and sew a button on the vest.
Harvard_L03_S04_0|The swan dive was far short of perfect.
Harvard_L03_S05_0|The beauty of the view stunned the young boy.
Harvard_L03_S06_0|Two blue fish swam in the tank.
Harvard_L03_S07_0|Her purse was full of useless trash.
Harvard_L03_S08_0|The colt reared and threw the tall rider.
Harvard_L03_S09_0|It snowed, rained, and hailed the same morning.
Harvard_L03_S10_0|Read verse out loud for pleasure.
Harvard_L04_S01_0|Hoist the load to your left shoulder.
Harvard_L04_S02_0|Take the winding path to reach the lake.
Harvard_L04_S03_0|Note closely the size of the gas tank.
Harvard_L04_S04_0|Wipe the grease off his dirty face.
Harvard_L04_S05_0|Mend the coat before you go out.
Harvard_L04_S06_0|The wrist was badly strained and hung limp.
Harvard_L04_S07_0|The stray cat gave birth to kittens.
Harvard_L04_S08_0|The young girl gave no clear response.
Harvard_L04_S09_0|The meal was cooked before the bell rang.
Harvard_L04_S10_0|What joy there is in living.
Harvard_L05_S01_0|A king ruled the state in the early days.
Harvard_L05_S02_0|The ship was torn apart on the sharp reef.
Harvard_L05_S03_0|Sickness kept him home the third week.
Harvard_L05_S04_0|The wide road shimmered in the hot sun.
Harvard_L05_S05_0|The lazy cow lay in the cool grass.
Harvard_L05_S06_0|Lift the square stone over the fence.
Harvard_L05_S07_0|The rope will bind the seven books at once.
Harvard_L05_S08_0|Hop over the fence and plunge in.
Harvard_L05_S09_0|The friendly gang left the drug store.
Harvard_L05_S10_0|Mesh wire keeps chicks inside.
Harvard_L06_S01_0|The frosty air passed through the coat.
Harvard_L06_S02_0|The crooked maze failed to fool the mouse.
Harvard_L06_S03_0|Adding fast leads to wrong sums.
Harvard_L06_S04_0|The show was a flop from the very start.
Harvard_L06_S05_0|A saw is a tool used for making boards.
Harvard_L06_S06_0|The wagon moved on well oiled wheels.
Harvard_L06_S07_0|March the soldiers past the next hill.
Harvard_L06_S08_0|A cup of sugar makes sweet fudge.
Harvard_L06_S09_0|Place a rosebush near the porch steps.
Harvard_L06_S10_0|Both lost their lives in the raging storm.
Harvard_L07_S01_0|We talked of the slide show in the circus.
Harvard_L07_S02_0|Use a pencil to write the first draft.
Harvard_L07_S03_0|He ran half way to the hardware store.
Harvard_L07_S04_0|The clock struck to mark the third period.
Harvard_L07_S05_0|A small creek cut across the field.
Harvard_L07_S06_0|Cars and busses stalled in snow drifts.
Harvard_L07_S07_0|The set of china hit, the floor with a crash.
Harvard_L07_S08_0|This is a grand season for hikes on the road.
Harvard_L07_S09_0|The dune rose from the edge of the water.
Harvard_L07_S10_0|Those words were the cue for the actor to leave.
Harvard_L08_S01_0|A yacht slid around the point into the bay.
Harvard_L08_S02_0|The two met while playing on the sand.
Harvard_L08_S03_0|The ink stain dried on the finished page.
Harvard_L08_S04_0|The walled town was seized without a fight.
Harvard_L08_S05_0|The lease ran out in sixteen weeks.
Harvard_L08_S06_0|A tame squirrel makes a nice pet.
Harvard_L08_S07_0|The horn of the car woke the sleeping cop.
Harvard_L08_S08_0|The heart beat strongly and with firm strokes.
Harvard_L08_S09_0|The pearl was worn in a thin silver ring.
Harvard_L08_S10_0|The fruit peel was cut in thick slices.
Harvard_L09_S01_0|The Navy attacked the big task force.
Harvard_L09_S02_0|See the cat glaring at the scared mouse.
Harvard_L09_S03_0|There are more than two factors here.
Harvard_L09_S04_0|The hat brim was wide and too droopy.
Harvard_L09_S05_0|The lawyer tried to lose his case.
Harvard_L09_S06_0|The grass curled around the fence post.
Harvard_L09_S07_0|Cut the pie into large parts.
Harvard_L09_S08_0|Men strive but seldom get rich.
Harvard_L09_S09_0|Always close the barn door tight.
Harvard_L09_S10_0|He lay prone and hardly moved a limb.
Harvard_L10_S01_0|The slush lay deep along the street.
Harvard_L10_S02_0|A wisp of cloud hung in the blue air.
Harvard_L10_S03_0|A pound of sugar costs more than eggs.
Harvard_L10_S04_0|The fin was sharp and cut the clear water.
Harvard_L10_S05_0|The play seems dull and quite stupid.
Harvard_L10_S06_0|Bail the boat, to stop it from sinking.
Harvard_L10_S07_0|The term ended in late June that year.
Harvard_L10_S08_0|A tusk is used to make costly gifts.
Harvard_L10_S09_0|Ten pins were set in order.
Harvard_L10_S10_0|The bill as paid every third week.
Harvard_L11_S01_0|Oak is strong and also gives shade.
Harvard_L11_S02_0|Cats and dogs each hate the other.
Harvard_L11_S03_0|The pipe began to rust while new.
Harvard_L11_S04_0|Open the crate but don't break the glass.
Harvard_L11_S05_0|Add the sum to the product of these three.
Harvard_L11_S06_0|Thieves who rob friends deserve jail.
Harvard_L11_S07_0|The ripe taste of cheese improves with age.
Harvard_L11_S08_0|Act on these orders with great speed.
Harvard_L11_S09_0|The hog crawled under the high fence.
Harvard_L11_S10_0|Move the vat over the hot fire.
Harvard_L12_S01_0|The bark of the pine tree was shiny and dark.
Harvard_L12_S02_0|Leaves turn brown and yellow in the fall.
Harvard_L12_S03_0|The pennant waved when the wind blew.
Harvard_L12_S04_0|Split the log with a quick, sharp blow.
Harvard_L12_S05_0|Burn peat after the logs give out.
Harvard_L12_S06_0|He ordered peach pie with ice cream.
Harvard_L12_S07_0|Weave the carpet on the right hand side.
Harvard_L12_S08_0|Hemp is a weed found in parts of the tropics.
Harvard_L12_S09_0|A lame back kept his score low.
Harvard_L12_S10_0|We find joy in the simplest things.
Harvard_L13_S01_0|Type out three lists of orders.
Harvard_L13_S02_0|The harder he tried the less he got done.
Harvard_L13_S03_0|The boss ran the show with a watchful eye.
Harvard_L13_S04_0|The cup cracked and spilled its contents.
Harvard_L13_S05_0|Paste can cleanse the most dirty brass.
Harvard_L13_S06_0|The slang word for raw whiskey is booze.
Harvard_L13_S07_0|It caught its hind paw in a rusty trap.
Harvard_L13_S08_0|The wharf could be seen at the farther shore.
Harvard_L13_S09_0|Feel the heat of the weak dying flame.
Harvard_L13_S10_0|The tiny girl took off her hat.
Harvard_L14_S01_0|A cramp is no small danger on a swim.
Harvard_L14_S02_0|He said the same phrase thirty times.
Harvard_L14_S03_0|Pluck the bright rose without leaves.
Harvard_L14_S04_0|Two plus seven is less than ten.
Harvard_L14_S05_0|The glow deepened in the eyes of the sweet girl.
Harvard_L14_S06_0|Bring your problems to the wise chief.
Harvard_L14_S07_0|Write a fond note to the friend you cherish.
Harvard_L14_S08_0|Clothes and lodging are free to new men.
Harvard_L14_S09_0|We frown when events take a bad turn.
Harvard_L14_S10_0|Port is a strong wine with s smoky taste.
Harvard_L15_S01_0|The young kid jumped the rusty gate.
Harvard_L15_S02_0|Guess the results from the first scores.
Harvard_L15_S03_0|A salt pickle tastes fine with ham.
Harvard_L15_S04_0|The just claim got the right verdict.
Harvard_L15_S05_0|These thistles bend in a high wind.
Harvard_L15_S06_0|Pure bred poodles have curls.
Harvard_L15_S07_0|The tree top waved in a graceful way.
Harvard_L15_S08_0|The spot on the blotter was made by green ink.
Harvard_L15_S09_0|Mud was spattered on the front of his white shirt.
Harvard_L15_S10_0|The cigar burned a hole in the desk top.
Harvard_L16_S01_0|The empty flask stood on the tin tray.
Harvard_L16_S02_0|A speedy man can beat this track mark.
Harvard_L16_S03_0|He broke a new shoelace that day.
Harvard_L16_S04_0|The coffee stand is too high for the couch.
Harvard_L16_S05_0|The urge to write short stories is rare.
Harvard_L16_S06_0|The pencils have all been used.
Harvard_L16_S07_0|The pirates seized the crew of the lost ship.
Harvard_L16_S08_0|We tried to replace the coin but failed.
Harvard_L16_S09_0|She sewed the torn coat quite neatly.
Harvard_L16_S10_0|The sofa cushion is red and of light weight.
Harvard_L17_S01_0|The jacket hung on the back of the wide chair.
Harvard_L17_S02_0|At that high level the air is pure.
Harvard_L17_S03_0|Drop the two when you add the figures.
Harvard_L17_S04_0|A filing case is now hard to buy.
Harvard_L17_S05_0|An abrupt start does not win the prize.
Harvard_L17_S06_0|Wood is best for making toys and blocks.
Harvard_L17_S07_0|The office paint was a dull sad tan.
Harvard_L17_S08_0|He knew the skill of the great young actress.
Harvard_L17_S09_0|A rag will soak up spilled water.
Harvard_L17_S10_0|A shower of dirt fell from the hot pipes.
Harvard_L18_S01_0|Steam hissed from the broken valve.
Harvard_L18_S02_0|The child almost hurt the small dog.
Harvard_L18_S03_0|There was a sound of dry leaves outside.
Harvard_L18_S04_0|The sky that morning was clear and bright blue.
Harvard_L18_S05_0|Torn scraps littered the stone floor.
Harvard_L18_S06_0|Sunday is the best part of the week.
Harvard_L18_S07_0|The doctor cured him with these pills.
Harvard_L18_S08_0|The new girl was fired today at noon.
Harvard_L18_S09_0|They felt gay when the ship arrived in port.
Harvard_L18_S10_0|Add the store's account to the last cent.
Harvard_L19_S01_0|Acid burns holes in wool cloth.
Harvard_L19_S02_0|Fairy tales should be fun to write.
Harvard_L19_S03_0|Eight miles of woodland burned to waste.
Harvard_L19_S04_0|The third act was dull and tired the players.
Harvard_L19_S05_0|A young child should not suffer fright.
Harvard_L19_S06_0|Add the column and put the sum here.
Harvard_L19_S07_0|We admire and love a good cook.
Harvard_L19_S08_0|There the flood mark is ten inches.
Harvard_L19_S09_0|He carved a head from the round block of marble.
Harvard_L19_S10_0|She has st smart way of wearing clothes.
Harvard_L20_S01_0|The fruit of a fig tree is apple-shaped.
Harvard_L20_S02_0|Corn cobs can be used to kindle a fire.
Harvard_L20_S03_0|Where were they when the noise started.
Harvard_L20_S04_0|The paper box is full of thumb tacks.
Harvard_L20_S05_0|Sell your gift to a buyer at a good gain.
Harvard_L20_S06_0|The tongs lay beside the ice pail.
Harvard_L20_S07_0|The petals fall with the next puff of wind.
Harvard_L20_S08_0|Bring your best compass to the third class.
Harvard_L20_S09_0|They could laugh although they were sad.
Harvard_L20_S10_0|Farmers came in to thresh the oat crop.
Harvard_L21_S01_0|The brown house was on fire to the attic.
Harvard_L21_S02_0|The lure is used to catch trout and flounder.
Harvard_L21_S03_0|Float the soap on top of the bath water.
Harvard_L21_S04_0|A blue crane is a tall wading bird.
Harvard_L21_S05_0|A fresh start will work such wonders.
Harvard_L21_S06_0|The club rented the rink for the fifth night.
Harvard_L21_S07_0|After the dance they went straight home.
Harvard_L21_S08_0|The hostess taught the new maid to serve.
Harvard_L21_S09_0|He wrote his last novel there at the inn.
Harvard_L21_S10_0|Even the worst will beat his low score.
Harvard_L22_S01_0|The cement had dried when he moved it.
Harvard_L22_S02_0|The loss of the second ship was hard to take.
Harvard_L22_S03_0|The fly made its way along the wall.
Harvard_L22_S04_0|Do that with a wooden stick.
Harvard_L22_S05_0|Lire wires should be kept covered.
Harvard_L22_S06_0|The large house had hot water taps.
Harvard_L22_S07_0|It is hard to erase blue or red ink.
Harvard_L22_S08_0|Write at once or you may forget it.
Harvard_L22_S09_0|The doorknob was made of bright clean brass.
Harvard_L22_S10_0|The wreck occurred by the bank on Main Street.
Harvard_L23_S01_0|A pencil with black lead writes best.
Harvard_L23_S02_0|Coax a young calf to drink from a bucket.
Harvard_L23_S03_0|Schools for ladies teach charm and grace.
Harvard_L23_S04_0|The lamp shone with a steady green flame.
Harvard_L23_S05_0|They took the axe and the saw to the forest.
Harvard_L23_S06_0|The ancient coin was quite dull and worn.
Harvard_L23_S07_0|The shaky barn fell with a loud crash.
Harvard_L23_S08_0|Jazz and swing fans like fast music.
Harvard_L23_S09_0|Rake the rubbish up and then burn it.
Harvard_L23_S10_0|Slash the gold cloth into fine ribbons.
Harvard_L24_S01_0|Try to have the court decide the case.
Harvard_L24_S02_0|They are pushed back each time they attack.
Harvard_L24_S03_0|He broke his ties with groups of former friends.
Harvard_L24_S04_0|They floated on the raft to sun their white backs.
Harvard_L24_S05_0|The map had an X that meant nothing.
Harvard_L24_S06_0|Whitings are small fish caught in nets.
Harvard_L24_S07_0|Some ads serve to cheat buyers.
Harvard_L24_S08_0|Jerk the rope and the bell rings weakly.
Harvard_L24_S09_0|A waxed floor makes us lose balance.
Harvard_L24_S10_0|Madam, this is the best brand of corn.
Harvard_L25_S01_0|On the islands the sea breeze is soft and mild.
Harvard_L25_S02_0|The play began as soon as we sat down.
Harvard_L25_S03_0|This will lead the world to more sound and fury
Harvard_L25_S04_0|Add salt before you fry the egg.
Harvard_L25_S05_0|The rush for funds reached its peak Tuesday.
Harvard_L25_S06_0|The birch looked stark white and lonesome.
Harvard_L25_S07_0|The box is held by a bright red snapper.
Harvard_L25_S08_0|To make pure ice, you freeze water.
Harvard_L25_S09_0|The first worm gets snapped early.
Harvard_L25_S10_0|Jump the fence and hurry up the bank.
Harvard_L26_S01_0|Yell and clap as the curtain slides back.
Harvard_L26_S02_0|They are men nho walk the middle of the road.
Harvard_L26_S03_0|Both brothers wear the same size.
Harvard_L26_S04_0|In some forin or other we need fun.
Harvard_L26_S05_0|The prince ordered his head chopped off.
Harvard_L26_S06_0|The houses are built of red clay bricks.
Harvard_L26_S07_0|Ducks fly north but lack a compass.
Harvard_L26_S08_0|Fruit flavors are used in fizz drinks.
Harvard_L26_S09_0|These pills do less good than others.
Harvard_L26_S10_0|Canned pears lack full flavor.
Harvard_L27_S01_0|The dark pot hung in the front closet.
Harvard_L27_S02_0|Carry the pail to the wall and spill it there.
Harvard_L27_S03_0|The train brought our hero to the big town.
Harvard_L27_S04_0|We are sure that one war is enough.
Harvard_L27_S05_0|Gray paint stretched for miles around.
Harvard_L27_S06_0|The rude laugh filled the empty room.
Harvard_L27_S07_0|High seats are best for football fans.
Harvard_L27_S08_0|Tea served from the brown jug is tasty.
Harvard_L27_S09_0|A dash of pepper spoils beef stew.
Harvard_L27_S10_0|A zestful food is the hot-cross bun.
Harvard_L28_S01_0|The horse trotted around the field at a brisk pace.
Harvard_L28_S02_0|Find the twin who stole the pearl necklace.
Harvard_L28_S03_0|Cut the cord that binds the box tightly.
Harvard_L28_S04_0|The red tape bound the smuggled food.
Harvard_L28_S05_0|Look in the corner to find the tan shirt.
Harvard_L28_S06_0|The cold drizzle will halt the bond drive.
Harvard_L28_S07_0|Nine men were hired to dig the ruins.
Harvard_L28_S08_0|The junk yard had a mouldy smell.
Harvard_L28_S09_0|The flint sputtered and lit a pine torch.
Harvard_L28_S10_0|Soak the cloth and drown the sharp odor.
Harvard_L29_S01_0|The shelves were bare of both jam or crackers.
Harvard_L29_S02_0|A joy to every child is the swan boat.
Harvard_L29_S03_0|All sat frozen and watched the screen.
Harvard_L29_S04_0|ii cloud of dust stung his tender eyes.
Harvard_L29_S05_0|To reach the end he needs much courage.
Harvard_L29_S06_0|Shape the clay gently into block form.
Harvard_L29_S07_0|The ridge on a smooth surface is a bump or flaw.
Harvard_L29_S08_0|Hedge apples may stain your hands green.
Harvard_L29_S09_0|Quench your thirst, then eat the crackers.
Harvard_L29_S10_0|Tight curls get limp on rainy days.
Harvard_L30_S01_0|The mute muffled the high tones of the horn.
Harvard_L30_S02_0|The gold ring fits only a pierced ear.
Harvard_L30_S03_0|The old pan was covered with hard fudge.
Harvard_L30_S04_0|Watch the log float in the wide river.
Harvard_L30_S05_0|The node on the stalk of wheat grew daily.
Harvard_L30_S06_0|The heap of fallen leaves was set on fire.
Harvard_L30_S07_0|Write fast, if you want to finish early.
Harvard_L30_S08_0|His shirt was clean but one button was gone.
Harvard_L30_S09_0|The barrel of beer was a brew of malt and hops.
Harvard_L30_S10_0|Tin cans are absent from store shelves.
Harvard_L31_S01_0|Slide the box into that empty space.
Harvard_L31_S02_0|The plant grew large and green in the window.
Harvard_L31_S03_0|The beam dropped down on the workmen's head.
Harvard_L31_S04_0|Pink clouds floated JTith the breeze.
Harvard_L31_S05_0|She danced like a swan, tall and graceful.
Harvard_L31_S06_0|The tube was blown and the tire flat and useless.
Harvard_L31_S07_0|It is late morning on the old wall clock.
Harvard_L31_S08_0|Let's all join as we sing the last chorus.
Harvard_L31_S09_0|The last switch cannot be turned off.
Harvard_L31_S10_0|The fight will end in just six minutes.
Harvard_L32_S01_0|The store walls were lined with colored frocks.
Harvard_L32_S02_0|The peace league met to discuss their plans.
Harvard_L32_S03_0|The rise to fame of a person takes luck.
Harvard_L32_S04_0|Paper is scarce, so write with much care.
Harvard_L32_S05_0|The quick fox jumped on the sleeping cat.
Harvard_L32_S06_0|The nozzle of the fire hose was bright brass.
Harvard_L32_S07_0|Screw the round cap on as tight as needed.
Harvard_L32_S08_0|Time brings us many changes.
Harvard_L32_S09_0|The purple tie was ten years old.
Harvard_L32_S10_0|Men think and plan and sometimes act.
Harvard_L33_S01_0|Fill the ink jar with sticky glue.
Harvard_L33_S02_0|He smoke a big pipe with strong contents.
Harvard_L33_S03_0|We need grain to keep our mules healthy.
Harvard_L33_S04_0|Pack the records in a neat thin case.
Harvard_L33_S05_0|The crunch of feet in the snow was the only sound.
Harvard_L33_S06_0|The copper bowl shone in the sun's rays.
Harvard_L33_S07_0|Boards will warp unless kept dry.
Harvard_L33_S08_0|The plush chair leaned against the wall.
Harvard_L33_S09_0|Glass will clink when struck by metal.
Harvard_L33_S10_0|Bathe and relax in the cool green grass.
Harvard_L34_S01_0|Nine rows of soldiers stood in line.
Harvard_L34_S02_0|The beach is dry and shallow at low tide.
Harvard_L34_S03_0|The idea is to sew both edges straight.
Harvard_L34_S04_0|The kitten chased the dog down the street.
Harvard_L34_S05_0|Pages bound in cloth make a book.
Harvard_L34_S06_0|Try to trace the fine lines of the painting.
Harvard_L34_S07_0|Women form less than half of the group.
Harvard_L34_S08_0|The zones merge in the central part of town.
Harvard_L34_S09_0|A gem in the rough needs work to polish.
Harvard_L34_S10_0|Code is used when secrets are sent.
Harvard_L35_S01_0|Most of the new is easy for us to hear.
Harvard_L35_S02_0|He used the lathe to make brass objects.
Harvard_L35_S03_0|The vane on top of the pole revolved in the wind.
Harvard_L35_S04_0|Mince pie is a dish served to children.
Harvard_L35_S05_0|The clan gathered on each dull night.
Harvard_L35_S06_0|Let it burn, it gives us warmth and comfort.
Harvard_L35_S07_0|A castle built from sand fails to endure.
Harvard_L35_S08_0|A child's wit saved the day for us.
Harvard_L35_S09_0|Tack the strip of carpet to the worn floor.
Harvard_L35_S10_0|Next Tuesday we must vote.
Harvard_L36_S01_0|Pour the stew from the pot into the plate.
Harvard_L36_S02_0|Each penny shone like new.
Harvard_L36_S03_0|The man went to the woods to gather sticks.
Harvard_L36_S04_0|The dirt piles were lines along the road.
Harvard_L36_S05_0|The logs fell and tumbled into the clear stream.
Harvard_L36_S06_0|Just hoist it up and take it away,
Harvard_L36_S07_0|A ripe plum is fit for a king's palate.
Harvard_L36_S08_0|Our plans right now are hazy.
Harvard_L36_S09_0|Brass rings are sold by these natives.
Harvard_L36_S10_0|It takes a good trap to capture a bear.
Harvard_L37_S01_0|Feed the white mouse some flower seeds.
Harvard_L37_S02_0|The thaw came early and freed the stream.
Harvard_L37_S03_0|He took the lead and kept it the whole distance.
Harvard_L37_S04_0|The key you designed will fit the lock.
Harvard_L37_S05_0|Plead to the council to free the poor thief.
Harvard_L37_S06_0|Better hash is made of rare beef.
Harvard_L37_S07_0|This plank was made for walking on.
Harvard_L37_S08_0|The lake sparkled in the red hot sun.
Harvard_L37_S09_0|He crawled with care along the ledge.
Harvard_L37_S10_0|Tend the sheep while the dog wanders.
Harvard_L38_S01_0|It takes a lot of help to finish these.
Harvard_L38_S02_0|Mark the spot with a sign painted red.
Harvard_L38_S03_0|Take two shares as a fair profit.
Harvard_L38_S04_0|The fur of cats goes by many names.
Harvard_L38_S05_0|North winds bring colds and fevers.
Harvard_L38_S06_0|He asks no person to vouch for him.
Harvard_L38_S07_0|Go now and come here later.
Harvard_L38_S08_0|A sash of gold silk will trim her dress.
Harvard_L38_S09_0|Soap can wash most dirt away.
Harvard_L38_S10_0|That move means the game is over.
Harvard_L39_S01_0|He wrote down a long list of items.
Harvard_L39_S02_0|A siege will crack the strong defense.
Harvard_L39_S03_0|Grape juice and water mix well.
Harvard_L39_S04_0|Roads are paved with sticky tar.
Harvard_L39_S05_0|Fake &ones shine but cost little.
Harvard_L39_S06_0|The drip of the rain made a pleasant sound.
Harvard_L39_S07_0|Smoke poured out of every crack.
Harvard_L39_S08_0|Serve the hot rum to the tired heroes.
Harvard_L39_S09_0|Much of the story makes good sense.
Harvard_L39_S10_0|The sun came up to light the eastern sky.
Harvard_L40_S01_0|Heave the line over the port side.
Harvard_L40_S02_0|A lathe cuts and trims any wood.
Harvard_L40_S03_0|It's a dense crowd in two distinct ways.
Harvard_L40_S04_0|His hip struck the knee of the next player.
Harvard_L40_S05_0|The stale smell of old beer lingers.
Harvard_L40_S06_0|The desk was firm on the shaky floor.
Harvard_L40_S07_0|It takes heat to bring out the odor.
Harvard_L40_S08_0|Beef is scarcer than some lamb.
Harvard_L40_S09_0|Raise the sail and steer the ship northward.
Harvard_L40_S10_0|The cone costs five cents on Mondays.
Harvard_L41_S01_0|A pod is what peas always grow in.
Harvard_L41_S02_0|Jerk the dart from the cork target.
Harvard_L41_S03_0|No cement will hold hard wood.
Harvard_L41_S04_0|We now have a new base for shipping.
Harvard_L41_S05_0|The list of names is carved around the base.
Harvard_L41_S06_0|The sheep were led home by a dog.
Harvard_L41_S07_0|Three for a dime, the young peddler cried.
Harvard_L41_S08_0|The sense of smell is better than that of touch.
Harvard_L41_S09_0|No hardship seemed to keep him sad.
Harvard_L41_S10_0|Grace makes up for lack of beauty.
Harvard_L42_S01_0|Nudge gently but wake her now.
Harvard_L42_S02_0|The news struck doubt into restless minds.
Harvard_L42_S03_0|Once we stood beside the shore.
Harvard_L42_S04_0|A chink in the wall allowed a draft to blow.
Harvard_L42_S05_0|Fasten two pins on each side.
Harvard_L42_S06_0|A cold dip restores health and zest.
Harvard_L42_S07_0|He takes the oath of office each March.
Harvard_L42_S08_0|The sand drifts over the sill of the old house.
Harvard_L42_S09_0|The point of the steel pen was bent and twisted.
Harvard_L42_S10_0|There is a lag between thought and act.
Harvard_L43_S01_0|Seed is needed to plant the spring corn.
Harvard_L43_S02_0|Draw the chart with heavy black lines.
Harvard_L43_S03_0|The boy owed his pal thirty cents.
Harvard_L43_S04_0|The chap slipped into the crowd and was lost.
Harvard_L43_S05_0|Hats are worn to tea and not to dinner.
Harvard_L43_S06_0|The ramp led up to the wide highway.
Harvard_L43_S07_0|Beat the dust from the rug onto the lawn.
Harvard_L43_S08_0|Say it slow!y but make it ring clear.
Harvard_L43_S09_0|The straw nest housed five robins.
Harvard_L43_S10_0|Screen the porch with woven straw mats.
Harvard_L44_S01_0|This horse will nose his way to the finish.
Harvard_L44_S02_0|The dry wax protects the deep scratch.
Harvard_L44_S03_0|He picked up the dice for a second roll.
Harvard_L44_S04_0|These coins will be needed to pay his debt.
Harvard_L44_S05_0|The nag pulled the frail cart along.
Harvard_L44_S06_0|Twist the valve and release hot steam.
Harvard_L44_S07_0|The vamp of the shoe had a gold buckle.
Harvard_L44_S08_0|The smell of burned rags itches my nose.
Harvard_L44_S09_0|Xew pants lack cuffs and pockets.
Harvard_L44_S10_0|The marsh will freeze when cold enough.
Harvard_L45_S01_0|They slice the sausage thin with a knife.
Harvard_L45_S02_0|The bloom of the rose lasts a few days.
Harvard_L45_S03_0|A gray mare walked before the colt.
Harvard_L45_S04_0|Breakfast buns are fine with a hot drink.
Harvard_L45_S05_0|Bottles hold four kinds of rum.
Harvard_L45_S06_0|The man wore a feather in his felt hat.
Harvard_L45_S07_0|He wheeled the bike past. the winding road.
Harvard_L45_S08_0|Drop the ashes on the worn old rug.
Harvard_L45_S09_0|The desk and both chairs were painted tan.
Harvard_L45_S10_0|Throw out the used paper cup and plate.
Harvard_L46_S01_0|A clean neck means a neat collar.
Harvard_L46_S02_0|The couch cover and hall drapes were blue.
Harvard_L46_S03_0|The stems of the tall glasses cracked and broke.
Harvard_L46_S04_0|The wall phone rang loud and often.
Harvard_L46_S05_0|The clothes dried on a thin wooden rack.
Harvard_L46_S06_0|Turn on the lantern which gives us light.
Harvard_L46_S07_0|The cleat sank deeply into the soft turf.
Harvard_L46_S08_0|The bills were mailed promptly on the tenth of the month.
Harvard_L46_S09_0|To have is better than to wait and hope.
Harvard_L46_S10_0|The price is fair for a good antique clock.
Harvard_L47_S01_0|The music played on while they talked.
Harvard_L47_S02_0|Dispense with a vest on a day like this.
Harvard_L47_S03_0|The bunch of grapes was pressed into wine.
Harvard_L47_S04_0|He sent the figs, but kept the ripe cherries.
Harvard_L47_S05_0|The hinge on the door creaked with old age.
Harvard_L47_S06_0|The screen before the fire kept in the sparks.
Harvard_L47_S07_0|Fly by night, and you waste little time.
Harvard_L47_S08_0|Thick glasses helped him read the print.
Harvard_L47_S09_0|Birth and death mark the limits of life.
Harvard_L47_S10_0|The chair looked strong but had no bottom.
Harvard_L48_S01_0|The kite flew wildly in the high wind.
Harvard_L48_S02_0|A fur muff is stylish once more.
Harvard_L48_S03_0|The tin box held priceless stones.
Harvard_L48_S04_0|We need an end of all such matter.
Harvard_L48_S05_0|The case was puzzling to the old and wise.
Harvard_L48_S06_0|The bright lanterns were gay on the dark lawn.
Harvard_L48_S07_0|We don't get much money but we have fun.
Harvard_L48_S08_0|The youth drove with zest, but little skill.
Harvard_L48_S09_0|Five years he lived with a shaggy dog.
Harvard_L48_S10_0|A fence cuts through the corner lot.
Harvard_L49_S01_0|The way to save money is not to spend much.
Harvard_L49_S02_0|Shut the hatch before the waves push it in.
Harvard_L49_S03_0|The odor of spring makes young hearts jump.
Harvard_L49_S04_0|Crack the walnut with your sharp side teeth.
Harvard_L49_S05_0|He offered proof in the form of a lsrge chart.
Harvard_L49_S06_0|Send the stuff in a thick paper bag.
Harvard_L49_S07_0|A quart of milk is water for the most part.
Harvard_L49_S08_0|They told wild tales to frighten him.
Harvard_L49_S09_0|The three story house was built of stone.
Harvard_L49_S10_0|In the rear of the ground floor was a large passage.
Harvard_L50_S01_0|A man in a blue sweater sat at the desk.
Harvard_L50_S02_0|Oats are a food eaten by horse and man.
Harvard_L50_S03_0|Their eyelids droop for want. of sleep.
Harvard_L50_S04_0|The sip of tea revives his tired friend.
Harvard_L50_S05_0|There are many ways to do these things.
Harvard_L50_S06_0|Tuck the sheet under the edge of the mat.
Harvard_L50_S07_0|A force equal to that would move the earth.
Harvard_L50_S08_0|We like to see clear weather.
Harvard_L50_S09_0|The work of the tailor is seen on each side.
Harvard_L50_S10_0|Take a chance and win a china doll.
Harvard_L51_S01_0|Shake the dust from your shoes, stranger.
Harvard_L51_S02_0|She was kind to sick old people.
Harvard_L51_S03_0|The dusty bench stood by the stone wall.
Harvard_L51_S04_0|The square wooden crate was packed to be shipped.
Harvard_L51_S05_0|We dress to suit the weather of most days.
Harvard_L51_S06_0|Smile when you say nasty words.
Harvard_L51_S07_0|A bowl of rice is free with chicken stew.
Harvard_L51_S08_0|The water in this well is a source of good health.
Harvard_L51_S09_0|Take shelter in this tent, but keep still.
Harvard_L51_S10_0|That guy is the writer of a few banned books.
Harvard_L52_S01_0|The little tales they tell are false.
Harvard_L52_S02_0|The door was barred, locked, and bolted as well.
Harvard_L52_S03_0|Ripe pears are fit for a queen's table.
Harvard_L52_S04_0|A big wet stain was on the round carpet.
Harvard_L52_S05_0|The kite dipped and swayed, but stayed aloft.
Harvard_L52_S06_0|The pleasant hours fly by much too soon.
Harvard_L52_S07_0|The room was crowded with a wild mob.
Harvard_L52_S08_0|This strong arm shall shield your honor.
Harvard_L52_S09_0|She blushed when he gave her a white orchid.
Harvard_L52_S10_0|The beetle droned in the hot June sun.
Harvard_L53_S01_0|Press the pedal with your left foot.
Harvard_L53_S02_0|Neat plans fail without luck.
Harvard_L53_S03_0|The black trunk fell from the landing.
Harvard_L53_S04_0|The bank pressed for payment of the debt.
Harvard_L53_S05_0|The theft of the pearl pin was kept secret.
Harvard_L53_S06_0|Shake hands with this friendly child.
Harvard_L53_S07_0|The vast space stretched into the far distance.
Harvard_L53_S08_0|A rich farm is rare in this sandy waste.
Harvard_L53_S09_0|His wide grin earned many friends.
Harvard_L53_S10_0|Flax makes a fine brand of paper.
Harvard_L54_S01_0|Hurdle the pit with the aid of a long pole.
Harvard_L54_S02_0|A strong bid may scare your partner stiff.
Harvard_L54_S03_0|Even a just cause needs power to win.
Harvard_L54_S04_0|Peep under the tent and see the clowns.
Harvard_L54_S05_0|The leaf drifts along with a slow spin.
Harvard_L54_S06_0|Cheap clothes are flashy but dont last.
Harvard_L54_S07_0|A thing of small note can cause despair.
Harvard_L54_S08_0|Flood the mails with requests for this book.
Harvard_L54_S09_0|A thick coat of black paint covered all.
Harvard_L54_S10_0|The pencil was cut to be sharp at both ends.
Harvard_L55_S01_0|Those last words were a strong statement.
Harvard_L55_S02_0|He wrote his name boldly at the top of tile sheet.
Harvard_L55_S03_0|Dill pickles are sour but taste fine.
Harvard_L55_S04_0|Down that road is the way to the grain farmer.
Harvard_L55_S05_0|Either mud or dust are found at all times.
Harvard_L55_S06_0|The best method is to fix it in place with clips.
Harvard_L55_S07_0|If you mumble your speech will be lost.
Harvard_L55_S08_0|At night the alarm roused him from a deep sleep.
Harvard_L55_S09_0|Read just what the meter says.
Harvard_L55_S10_0|Fill your pack with bright trinkets for the poor.
Harvard_L56_S01_0|The small red neon lamp went out.
Harvard_L56_S02_0|Clams are small, round, soft, and tasty.
Harvard_L56_S03_0|The fan whirled its round blades softly.
Harvard_L56_S04_0|The line where the edges join was clean.
Harvard_L56_S05_0|Breathe deep and smell the piny air.
Harvard_L56_S06_0|It matters not if he reads these words or those.
Harvard_L56_S07_0|A brown leather bag hung from its strap.
Harvard_L56_S08_0|A toad and a frog are hard to tell apart.
Harvard_L56_S09_0|A white silk jacket goes with any shoes.
Harvard_L56_S10_0|A break in the dam almost caused a flood.
Harvard_L57_S01_0|Paint the sockets in the wall dull green.
Harvard_L57_S02_0|The child crawled into the dense grass.
Harvard_L57_S03_0|Bribes fail where honest men work.
Harvard_L57_S04_0|Trample the spark, else the flames will spread.
Harvard_L57_S05_0|The hilt. of the sword was carved with fine designs.
Harvard_L57_S06_0|A round hole was drilled through the thin board.
Harvard_L57_S07_0|Footprints showed the path he took up the beach.
Harvard_L57_S08_0|She was waiting at my front lawn.
Harvard_L57_S09_0|A vent near the edge brought in fresh air.
Harvard_L57_S10_0|Prod the old mule with a crooked stick.
Harvard_L58_S01_0|It is a band of steel three inches wide.
Harvard_L58_S02_0|The pipe ran almost the length of the ditch.
Harvard_L58_S03_0|It was hidden from sight by a mass of leaves and shrubs.
Harvard_L58_S04_0|The weight. of the package was seen on the high scale.
Harvard_L58_S05_0|Wake and rise, and step into the green outdoors.
Harvard_L58_S06_0|The green light in the brown box flickered.
Harvard_L58_S07_0|The brass tube circled the high wall.
Harvard_L58_S08_0|The lobes of her ears were pierced to hold rings.
Harvard_L58_S09_0|Hold the hammer near the end to drive the nail.
Harvard_L58_S10_0|Next Sunday is the twelfth of the month.
Harvard_L59_S01_0|Every word and phrase he speaks is true.
Harvard_L59_S02_0|He put his last cartridge into the gun and fired.
Harvard_L59_S03_0|They took their kids from the public school.
Harvard_L59_S04_0|Drive the screw straight into the wood.
Harvard_L59_S05_0|Keep the hatch tight and the watch constant.
Harvard_L59_S06_0|Sever the twine with a quick snip of the knife.
Harvard_L59_S07_0|Paper will dry out when wet.
Harvard_L59_S08_0|Slide the catch back and open the desk.
Harvard_L59_S09_0|Help the weak to preserve their strength.
Harvard_L59_S10_0|A sullen smile gets few friends.
Harvard_L60_S01_0|Stop whistling and watch the boys march.
Harvard_L60_S02_0|Jerk the cord, and out tumbles the gold.
Harvard_L60_S03_0|Slidc the tray across the glass top.
Harvard_L60_S04_0|The cloud moved in a stately way and was gone.
Harvard_L60_S05_0|Light maple makes for a swell room.
Harvard_L60_S06_0|Set the piece here and say nothing.
Harvard_L60_S07_0|Dull stories make her laugh.
Harvard_L60_S08_0|A stiff cord will do to fasten your shoe.
Harvard_L60_S09_0|Get the trust fund to the bank early.
Harvard_L60_S10_0|Choose between the high road and the low.
Harvard_L61_S01_0|A plea for funds seems to come again.
Harvard_L61_S02_0|He lent his coat to the tall gaunt stranger.
Harvard_L61_S03_0|There is a strong chance it will happen once more.
Harvard_L61_S04_0|The duke left the park in a silver coach.
Harvard_L61_S05_0|Greet the new guests and leave quickly.
Harvard_L61_S06_0|When the frost has come it is time for turkey.
Harvard_L61_S07_0|Sweet words work better than fierce.
Harvard_L61_S08_0|A thin stripe runs down the middle.
Harvard_L61_S09_0|A six comes up more often than a ten.
Harvard_L61_S10_0|Lush fern grow on the lofty rocks.
Harvard_L62_S01_0|The ram scared the school children off.
Harvard_L62_S02_0|The team with the best timing looks good.
Harvard_L62_S03_0|The farmer swapped his horse for a brown ox.
Harvard_L62_S04_0|Sit on the perch and tell the others what to do.
Harvard_L62_S05_0|A steep trail is painful for our feet.
Harvard_L62_S06_0|The early phase of life moves fast.
Harvard_L62_S07_0|Green moss grows on the northern side.
Harvard_L62_S08_0|Tea in thin china has a sweet taste.
Harvard_L62_S09_0|Pitch the straw through the door of the stable.
Harvard_L62_S10_0|The latch on the beck gate needed a nail.
Harvard_L63_S01_0|The goose was brought straight from the old market.
Harvard_L63_S02_0|The sink is the thing in which we pile dishes.
Harvard_L63_S03_0|A whiff of it will cure the most stubborn cold.
Harvard_L63_S04_0|The facts dont always show who is right.
Harvard_L63_S05_0|She flaps her cape as she parades the street.
Harvard_L63_S06_0|The loss of the cruiser was a blow to the fleet.
Harvard_L63_S07_0|Loop the braid to the left and then over.
Harvard_L63_S08_0|Plead with the lawyer to drop the lost cause.
Harvard_L63_S09_0|Calves thrive on tender spring grass.
Harvard_L63_S10_0|Post no bills on this office wall.
Harvard_L64_S01_0|Tear a thin sheet from the yellow pad.
Harvard_L64_S02_0|A cruise in warm waters in a sleek yacht is fun.
Harvard_L64_S03_0|A streak of color ran down the left edge.
Harvard_L64_S04_0|It was done before the boy could see it.
Harvard_L64_S05_0|Crouch before you jump or miss the mark.
Harvard_L64_S06_0|Pack the kits and dont forget the salt.
Harvard_L64_S07_0|The square peg will settle in the round hole.
Harvard_L64_S08_0|Fine soap saves tender skin.
Harvard_L64_S09_0|Poached eggs and tea must suffice.
Harvard_L64_S10_0|Bad nerves are jangled by a door slam.
Harvard_L65_S01_0|Ship maps are different from those for planes.
Harvard_L65_S02_0|Dimes showered down from all sides.
Harvard_L65_S03_0|They sang the same tunes at each party.
Harvard_L65_S04_0|The sky in the west is tinged with orange red.
Harvard_L65_S05_0|The pods of peas ferment in bare fields.
Harvard_L65_S06_0|The horse balked and threw the tall rider.
Harvard_L65_S07_0|The hitch between the horse and cart broke.
Harvard_L65_S08_0|Pile the coal high in the shed corner.
Harvard_L65_S09_0|The gold vase is both rare and costly.
Harvard_L65_S10_0|The knife was hung inside its bright sheath.
Harvard_L66_S01_0|The rarest spice comes from the far East.
Harvard_L66_S02_0|The roof should be tilted at a sharp slant.
Harvard_L66_S03_0|A smatter of French is worse than none.
Harvard_L66_S04_0|The mule trod the treadmill day and night.
Harvard_L66_S05_0|The aim of the contest is to raise a great fund.
Harvard_L66_S06_0|To send it. now in large amounts is bad.
Harvard_L66_S07_0|There is a fine hard tang in salty air.
Harvard_L66_S08_0|Cod is the main business of the north shore.
Harvard_L66_S09_0|The slab was hewn from heavy blocks of slate.
Harvard_L66_S10_0|Dunk the stale biscuits into strong drink.
Harvard_L67_S01_0|Hang tinsel from both branches.
Harvard_L67_S02_0|Cap the jar with a tight brass cover.
Harvard_L67_S03_0|The poor boy missed the boat again.
Harvard_L67_S04_0|Be sure to set the lamp firmly in the hole.
Harvard_L67_S05_0|Pick a card and slip it. under the pack.
Harvard_L67_S06_0|A round mat will cover the dull spot.
Harvard_L67_S07_0|The first part of the plan needs changing.
Harvard_L67_S08_0|The good book informs of what we ought to know.
Harvard_L67_S09_0|The mail comes in three batches per day.
Harvard_L67_S10_0|You cannot brew tea in a cold pot.
Harvard_L68_S01_0|Dots of light betrayed the black cat.
Harvard_L68_S02_0|Put the chart on the mantel and tack it down.
Harvard_L68_S03_0|The night shift men rate extra pay.
Harvard_L68_S04_0|The red paper brightened the dim stage.
Harvard_L68_S05_0|See the player scoot to third base.
Harvard_L68_S06_0|Slide the bill between the two leaves.
Harvard_L68_S07_0|Many hands help get the job done.
Harvard_L68_S08_0|We don't like to admit our small faults.
Harvard_L68_S09_0|No doubt about the way the wind blows.
Harvard_L68_S10_0|Dig deep in the earth for pirate's gold.
Harvard_L69_S01_0|The steady drip is worse than a drenching rain.
Harvard_L69_S02_0|A flat pack takes less luggage space.
Harvard_L69_S03_0|Green ice frosted the punch bowl.
Harvard_L69_S04_0|A stuffed chair slipped from the moving van.
Harvard_L69_S05_0|The stitch will serve but needs to be shortened.
Harvard_L69_S06_0|A thin book fits in the side pocket.
Harvard_L69_S07_0|The gloss on top made it unfit to read.
Harvard_L69_S08_0|The hail pattered on the burnt brown grass.
Harvard_L69_S09_0|Seven seals were stamped on great sheets.
Harvard_L69_S10_0|Our troops are set to strike heavy blows.
Harvard_L70_S01_0|The store was jammed before the sale could start.
Harvard_L70_S02_0|It was a bad error on the part of the new judge.
Harvard_L70_S03_0|One step more and the board will collapse.
Harvard_L70_S04_0|Take the match and strike it against your shoe.
Harvard_L70_S05_0|The pot boiled, but the contents failed to jell.
Harvard_L70_S06_0|The baby puts his right foot in his mouth.
Harvard_L70_S07_0|The bombs left most of the town in ruins.
Harvard_L70_S08_0|Stop and stare at the hard working man.
Harvard_L70_S09_0|The streets are narrow and full of sharp turns.
Harvard_L70_S10_0|The pup jerked the leash as he saw a feline shape.
Harvard_L71_S01_0|Open your book to the first page.
Harvard_L71_S02_0|Fish evade the net, and swim off.
Harvard_L71_S03_0|Dip the pail once and let it settle.
Harvard_L71_S04_0|Will you please answer that phone.
Harvard_L71_S05_0|The big red apple fell to the ground.
Harvard_L71_S06_0|The curtain rose and the show was on.
Harvard_L71_S07_0|The young prince became heir to the throne.
Harvard_L71_S08_0|He sent the boy on a short errand.
Harvard_L71_S09_0|Leave now and you will arrive on time.
Harvard_L71_S10_0|The corner store was robbed last night.
Harvard_L72_S01_0|A gold ring will please most any girl.
Harvard_L72_S02_0|The long journey home took a year.
Harvard_L72_S03_0|She saw a cat in the neighbor's house.
Harvard_L72_S04_0|A pink shell was found on the sandy beach.
Harvard_L72_S05_0|Small children came to see him.
Harvard_L72_S06_0|The grass and bushes were wet with dew.
Harvard_L72_S07_0|The blind man counted his old coins.
Harvard_L72_S08_0|A severe storm tore down the barn.
Harvard_L72_S09_0|She called his name many times.
Harvard_L72_S10_0|When you hear the bell, come quickly.
