fa_0000|۱۴ م ژوئن است.
fa_0001|آنگونه که مادری پسرش را در آغوش میگیرد!
fa_0002|کجا می توانم بلیط قطار بخرم؟
fa_0003|من مدیر بازاریابی هستم.
fa_0004|آیا اخیرا کتاب خوبی خوانده ای؟
fa_0005|کجا می توانم چرخ دستی بگیرم؟
fa_0006|چه آهنگ های ایرلندی می شناسی؟
fa_0007|من مشتاق هستم به امکان کارکردن با یکدیگر.
fa_0008|من مشتاق هستم درباره این با شما بحث کنم.
fa_0009|این مال شما است؟
fa_0010|آیا امکان دارد این اسکناس صد دلاری را خرد کنید؟
fa_0011|آیا امکان دارد این لباس ها را به خشکشویی بفرستید؟
fa_0012|من مطمئنم که او برنده خواهد شد.
fa_0013|من معتقدم چندین دلیل وجود دارد.
fa_0014|این میز شماست.
fa_0015|این مسئولیت ما است که به عنوان فرد آن اطلاعات را بگیریم
fa_0016|آیا این آزمایش معتبر است؟
fa_0017|چه تعداد نفر در این اتاق زندگی می کنند؟
fa_0018|این منظره قشنگی هست.
fa_0019|چهجوری این کارو کردی؟
fa_0020|منم می فهمم این
fa_0021|یک جعبه پودر صورت به من بدهید، لطفا.
fa_0022|یک جعبه کبریت نیاز دارم.
fa_0023|آن نزدیک چیست؟
fa_0024|این نسخه را به داروخانه ببرید.
fa_0025|آیا اینجا ماهیگیری مجاز است؟
fa_0026|آیا اینجا مرکز فیتنس دارید؟
fa_0027|من نیاز دارم به دادگاه بروم.
fa_0028|من نیاز به مشاوره پزشکی دارم.
fa_0029|چه چیزی را در منو توصیه می کنید؟
fa_0030|یک جفت گوشی برای فیلم می خواهم.
fa_0031|یک جفت هدفون دارید؟
fa_0032|چه خوبه دیدنت چه خوبه موندنت
fa_0033|کدام طرف امتیاز گرفت؟
fa_0034|من نمی توانم فوتبال را تحمل کنم.
fa_0035|کدام قطار را باید سوار شوم؟
fa_0036|آیا این یک پرواز مستقیم است؟
fa_0037|آیا این مجسمه ها خیلی شکننده هستند؟
fa_0038|آیا این مرد خویشاوند نزدیک شما است؟
fa_0039|من هچ بچه ای ندارم.
fa_0040|یک دقیقه دیگر پیش شما خواهم بود.
fa_0041|من هیچ تجربه کاری در این زمینه ندارم.
fa_0042|آیا این نزدیکی استخر روباز وجود دارد؟
fa_0043|چه ساعتی سوار می شویم؟
fa_0044|یکدیگر را بشدت محبت کنید زیرا محبت انبوه گناهان را میپوشاند
fa_0045|من هشت شروع می کنم و پنج تمام می کنم.
fa_0046|آیا او را می شناسی؟
fa_0047|آیا او مدرسه را دوست دارد؟
fa_0048|آیا او تایلندی صحبت می کند؟
fa_0049|آنهایی که در ایران هستند سوگوار مرگ او هستند
fa_0050|آیا باید برای کالاهایی که اینجا خریدم گمرگ پرداخت کنم؟
fa_0051|آیا باید زخم فَلاخُن و تیربختِ ستم پیشه را تاب آورد
fa_0052|آیا با دست قابل شستن است؟
fa_0053|من هنوز منتظر صبحانه ای هستم که سفارش دادم.
fa_0054|من هویج خواهم خورد.
fa_0055|انواع بافت پوست مو پارچه سنگ پوست پیر پوست حیوانات مودار
fa_0056|من واقعاً از پیتزا متنفرم.
fa_0057|من واقعا متاسفم، فکر نمی کنم بتوانم.
fa_0058|چه کسی اینجا مسئول است؟
fa_0059|چه کسی آن را به تو یاد داد؟
fa_0060|یک ساعت قبل.
fa_0061|منو حالا نوازش کن، که این فرصت نره از دست
fa_0062|منو دریاب که دلتنگم مدارا کن که ویرونم
fa_0063|منو رنگ نکن من صافکاری لازمم
fa_0064|من وضعیت پناهندگی دارم.
fa_0065|کسی اینجا سوئدی صحبت می کند؟
fa_0066|منو، لطفاً.
fa_0067|اهلِ فلسفه بافی و ملق زدن تو کائنات و
fa_0068|من و مادرم ناسازگاریها و کشمکشهای زیادی با هم داشتیم
fa_0069|چه کسی در خدمت توپ است؟
fa_0070|آیا بیشتر از یک بار در هفته دوچرخه سواری می کنی؟
fa_0071|آیا بیلیارد وجود دارد؟
fa_0072|مواظب سگ باشید
fa_0073|چهل و چهار، چهل و پنج، چهل و شش.
fa_0074|چهل و یک، چهل و دو، چهل و سه.
fa_0075|کیسه خواب قدیمی خود را بردارم و به دشت پشتی خانهام ببرم
fa_0076|آیا به من افزایش حقوق خواهید داد؟
fa_0077|آیا بیهوشی موضعی برای من لازم است؟
fa_0078|مورچهها كه ضعيف هستند ولی برای زمستان خوراک ذخيره میكنند
fa_0079|کشف این دامنه کوچک از طیف کامل نور
fa_0080|یک طبیب فرانسوی به نام ژان باپتیست دنیس
fa_0081|آیا تا به حال ایستگاه قطار خود را از دست داده ای؟
fa_0082|او اینجا در تعطیلات است.
fa_0083|آیا تا به حال جفت عینک خود را گم کرده اید؟
fa_0084|آواهای مشترک در تلگرام عضو شوید
fa_0085|آیا تعمیرات شامل ضمانت می شود؟
fa_0086|آواهای مشترک را در تلگرام جستجو کنید
fa_0087|قوی، اما نه تلخ.
fa_0088|آیا تهوع سفر می گیرید؟
fa_0089|موقع رفتن به پیادهروی، از زانوهایم مایع انفصالی ترشح نمیکرد
fa_0090|موگادیشو
fa_0091|کیکی خمیری
fa_0092|چه موقع امتحانات شروع می شوند؟
fa_0093|مونته ویدئو
fa_0094|چه موقع این جنس حراج می خورد؟
fa_0095|او برگ ها را انبوه پارو کرد.
fa_0096|نیازمند جاهطلبی بیشتر از سوی همگانیم
fa_0097|نیازمند منابع سرمایهگذاری کمتری بود
fa_0098|چه موقع سال تحصیلی به پایان می رسد؟
fa_0099|او پانزده ساله است.
fa_0100|نامیبیا
fa_0101|آیا دوست پسر داری؟
fa_0102|نام تان، لطفاً.
fa_0103|او ترفیع گرفته است.
fa_0104|یک ماه هست متوجه زگیلهایی در بیرون دستگاه تناسلی شده ام
fa_0105|او جمعه جشن پایان کار دارد.
fa_0106|آیا دوست دارید گاهی با من شام بخورید؟
fa_0107|او چند سال دارد؟
fa_0108|آیا راهنمای صوتی نپالی وجود دارد؟
fa_0109|او خوش شانس است.
fa_0110|آیا ژاپنی صحبت می کنی؟
fa_0111|چه نوع شرابی دارید؟
fa_0112|چه نوع کاری است؟
fa_0113|کی می توانم دوباره ببینمت؟
fa_0114|نیجر
fa_0115|او در آزمون فلسفه مردود شد.
fa_0116|آیا شما اهل سوئیس هستید؟
fa_0117|چون اگر ثروتمند شوم ممكن است تو را انكار كنم و بگويم خداوند كيست
fa_0118|نروژ
fa_0119|یک میلیون.
fa_0120|یک میلیون رویا برای جهانی که خواهیم ساخت
fa_0121|چون هیچ زنی نبود که دستش را بالا ببرد و بگوید
fa_0122|آیا عروسکی که راه برود و حرف بزند دارید؟
fa_0123|آیا عضو هیچ گروه کتابی هستی؟
fa_0124|حاال اگه خیلیا خوششون نمیاد
fa_0125|آیا عینک آفتابی می فروشید؟
fa_0126|او ریحان دوست دارد.
fa_0127|کنار کی آخه آروم کنم این قلب مریضو
fa_0128|نزدیکترین کتاب فروشی کجاست؟
fa_0129|اوژن
fa_0130|نزدیکترین گاراژ کجاست؟
fa_0131|آیا فروشگاه بزرگ در این نزدیکی وجود دارد؟
fa_0132|آویژه
fa_0133|یک نفر به من نزدیک میشود و میگوید
fa_0134|آیا فکر می کنی من باید با او تماس بگیرم؟
fa_0135|نسبت مرگومیر موردی حدود ۱۰ درصد بود
fa_0136|نشانی های ذخیره شده را حذف کن
fa_0137|حداقل میتونم بگم تلاشمو کردم
fa_0138|حداکثر سرعت این قایق چقدر است؟
fa_0139|نظر بسيارى از هنرمندان نقاش را به خود جلب نمود
fa_0140|حدود ۸۰ درصد جمعیت را
fa_0141|نظرت درباره دی جی چیست؟
fa_0142|او شش ماه در نیوزلند زندگی کرده است.
fa_0143|او عموزاده من است.
fa_0144|حس سرگیجه، مثل اینکه قرار بود به فضا بیفتم
fa_0145|آیا گذرنامه من لازم است؟
fa_0146|که در ظرفهای سفالی بهجا مانده است نشان میدهد
fa_0147|حیف که الان دیگه ویروس کرونا خز شده
fa_0148|او فلفل سفید را ترجیح می دهد.
fa_0149|او یک حل کننده مشکل خلاق است.
fa_0150|او یک خواننده مشتاق کتاب های علمی تخیلی است.
fa_0151|او کر است.
fa_0152|یک و پنج دقیقه است.
fa_0153|آیا می توانید این دکمه ها را بدوزید؟
fa_0154|آیا میتوانید این را کوتاه کنید؟
fa_0155|او کلوپ های شبانه را دوست ندارد.
fa_0156|حمایل کرد
fa_0157|کجا می توانم لپ تاپم را به برق بزنم؟
fa_0158|کویچ
fa_0159|او کمی قهوه بدون کافئین می خواهد.
fa_0160|نیم پز، لطفاً.
fa_0161|اوگاندا
fa_0162|او گیلاس خواهد خورد.
fa_0163|حمله کرد
fa_0164|حنجره زرافه دارای تار صوتی نیست و او گنگ است
fa_0165|حیوان خانگی داری؟
fa_0166|نمی توانم بگویم مرا زیاد جذب می کند.
fa_0167|کولر چطور کار می کند؟
fa_0168|نمی توانم پایم را تکان بدهم.
fa_0169|آیا می توانم آن را معاف از مالیات بخرم؟
fa_0170|اول پیاله و بد مستی
fa_0171|آیا می توانیم به اطراف نگاهی بیاندازیم؟
fa_0172|پدر سگ مصبش با یه ماگزیما اومد
fa_0173|نمی توانم گذرنامه ام را هیچ جا پیدا کنم.
fa_0174|نمی توانیم هیچ کاری برای آن انجام دهیم.
fa_0175|اولین شخصی بود که این روش را روی انسان امتحان کرد
fa_0176|اولین قدم این است که با جزئیات اقرار کنید که چکار کرده اید
fa_0177|گاز خراب است.
fa_0178|آیا می توانیم موضوع را بین خودمان حل کنیم؟
fa_0179|اولین نمایش فیلم امروز در سینما است.
fa_0180|گاهی به دلیل پیچیدگی کلام هست و گاهی هم به خاطر استفاده از
fa_0181|گاه و بیگاه درد می کند.
fa_0182|نمی دانم چطور از آن استفاده کنم.
fa_0183|آیا می خواهی به او کمک کنی؟
fa_0184|نمیدونی چه شور و حالی دارن بچهها!
fa_0185|گذرنامهتان، لطفاً.
fa_0186|آیا می خواهی در عروسی آنها شرکت کنی؟
fa_0187|نمیدونم بعد از این که لیسانسمو گرفتم فلافلی بزنم یا آب هویجی
fa_0188|او موی مشکی و چشم های سبز دارد.
fa_0189|نمی دونی یه ریز داشت از پسره تعریف می
fa_0190|نمره های او بالاتر از متوسط هستند.
fa_0191|خب، چه میشد اگر اطلاعات همه درباره پریودها مثل پزشک متخصص زنان بود؟
fa_0192|آیا می دانی چه کسی چرخ را اختراع کرد؟
fa_0193|اونا که دلیل حال بدم بودن زودتر از همه بالا سرم بودن
fa_0194|گر عاشق و میخواره به دوزخ باشند فردا بینی بهشت همچون کف دست
fa_0195|یخچال بازی در نیار
fa_0196|آیا می دانید هزینه پست تا هنگ کنگ چقدر است؟
fa_0197|گرفتم، سپاس
fa_0198|خدا خر را شناخت شاخش نداد
fa_0199|خدای من، تا این حد پیش رفت
fa_0200|گرم ترین ماه در کشور شما چیست؟
fa_0201|اون گوشه از قلبم که مال هیچکس نیست
fa_0202|آیا می فهمید؟
fa_0203|نه بابا ولی اخلاقش خیلی بهتر شده
fa_0204|آیا ممکن است برای من به تاکسی زنگ بزنید، لطفا؟
fa_0205|آیا ممکن است به من نشان دهید چطور کار می کند؟
fa_0206|خرج کرد
fa_0207|آیا ممکن است یک پتو برای من بیاورید؟
fa_0208|خروج اضطراری
fa_0209|گروه خونی من او منفی است.
fa_0210|نه خیلی خوب.
fa_0211|گزارشگر ویژه سازمان ملل در امور حقوق بشر ایران
fa_0212|نه خوب - نه بد.
fa_0213|او وافل دوست دارد.
fa_0214|خستهمون کردی لعنتی.
fa_0215|آیا نرخ گروهی وجود دارد؟
fa_0216|خطر ابتلا به این عارضه های دردناک کاهش می یابد
fa_0217|آيا کمد قفل دار دارید؟
fa_0218|گمشو بابا.
fa_0219|آیا هتل تلویزیون کابلی دارد؟
fa_0220|اين سحابیها به نام سحابی زحل و سحابی مارپیچ خوانده میشوند
fa_0221|نه همچون مجسمه غولپیکر نامآور یونان
fa_0222|آیا هیچ بیماری های مزمن دارید؟
fa_0223|نوبت چه کسی است که صحبت کند؟
fa_0224|آیا هیچ تخفیفی برای کودکان وجود دارد؟
fa_0225|آیا هیچ تخفیف کرایه برای سفرهای متعدد وجود دارد؟
fa_0226|گوشت را به اندازه کف دست، ورقه ورقه ببرید
fa_0227|با آن ضربه توپ را تا کجا فرستادید؟
fa_0228|خیلی غیرمنطقی احمقانه و پوچ هستند
fa_0229|با اون مهریه و خانواده عباس که طالق و مث گناهه کبیره می دونن
fa_0230|آیا هیچ نوه ای داری؟
fa_0231|نوشیدنی غیر الکلی می خواهی؟
fa_0232|بابا دست از سرم بردارید
fa_0233|بابام برام یک پیراهن آورد میگه بپوش ببین اندازت هست
fa_0234|خیلی هم خوب.
fa_0235|خَندِسَن
fa_0236|لازم نیست همه جواب ها را داشته باشیم تا درخواست تغییر کنیم
fa_0237|آیا هنوز پدر بزرگ و مادر بزرگ تو زنده هستند؟
fa_0238|خواستار اصلاحات حیاتی در مورد حقوق بشر بود
fa_0239|لاس زد
fa_0240|خواندن این کتاب برای او یک سوال اساسی ایجاد کرد
fa_0241|لامپش سوخته
fa_0242|خواهر کوچک تو چه شکلی است؟
fa_0243|آیا وسیله نقلیه بیمه بود؟
fa_0244|بیا بهش دروغ بگیم
fa_0245|آب یا شراب، مجبور به انتخابم نکن
fa_0246|با تو موافقم.
fa_0247|ابتکاری جهانی است برای قطع انتشارات گاز گلخانهای
fa_0248|ابتلا به بیماریهای ریوی مزمن هم مهم است
fa_0249|لحظهی تحویل سال هجری شمسی به ساعت رسمی کشور
fa_0250|هیچ اتاق ویژه ای برای افراد معلول داریدژ؟
fa_0251|آبدوغ خیار
fa_0252|باید اتفاقی که واقعا رخ داده را بیان کنید
fa_0253|هیچ باری را ثبت می کنید؟
fa_0254|هیچ بالشتی وجود دارد؟
fa_0255|بیایید اسلوونیایی صحبت کنیم.
fa_0256|هیچ برس لباس دارید؟
fa_0257|آبروي هيئت رفت
fa_0258|خودتان کیف هایتان را بستید؟
fa_0259|لطفا اینجا صف بکشید
fa_0260|آبگینه
fa_0261|آبگوشت
fa_0262|هیچ پولی ندارم.
fa_0263|هیچ توری به زبان استونی وجود دارد؟
fa_0264|باید باشگاهمو دوباره شروع کنم.
fa_0265|هیچ توری وجود دارد؟
fa_0266|هیچ جایی دارید بارمان را بگذاریم؟
fa_0267|باید برای این موارد گمرک پرداخت کنید.
fa_0268|خود را مشغول بازی با گلدان نشان میدهد
fa_0269|خوراک مغز
fa_0270|باید بگذارید قلبتان بشکند
fa_0271|هیچ چیزی برای گلو درد دارید؟
fa_0272|آبی و زرد، سبز را میسازد.
fa_0273|بیایید جای خوبی برای رفتن پیدا کنیم.
fa_0274|لطفا به آواهای مشترک در تلگرام بپیوندید
fa_0275|باید دید چند مرده حلاجه.
fa_0276|خوشحال می شوم چنین کنم.
fa_0277|لطفا به من ماساژ صورت بدهید.
fa_0278|هیچ دائره المعارف دیکشنری دارید؟
fa_0279|باید قطار را تعویض کنید.
fa_0280|باید یک بار دستپخت من را بچشی
fa_0281|هیچ رنگ دیگری از آن دارید؟
fa_0282|یه چیزایی توی چشاته که دلمو میلرزونه
fa_0283|خویش فرما هستم.
fa_0284|خون خود را کشید و آن را به او منتقل کرد
fa_0285|هیچ شیر سویا دارید؟
fa_0286|اتاق خالی موجود نیست
fa_0287|لطفا جیب های خود را خالی کنید.
fa_0288|لطفا در گوشه توقف کنید.
fa_0289|اتاق کثیف است.
fa_0290|باران متوقف شد.
fa_0291|لطفاً روی این نقشه نشان دهید کجا هستم.
fa_0292|هیچ کسی سراغ مرا گرفت؟
fa_0293|داروی شفابخش روح آدمی فلسفه است
fa_0294|هیچ کمکی نیاز دارید؟
fa_0295|بار من شکسته است و بعضی چیزها گم شده است.
fa_0296|هیچ گروه مورد علاقه ای داری؟
fa_0297|هیچ مایعی دارید؟
fa_0298|دامنه پژوهش در ادبیات تطبیقی متفاوت است
fa_0299|هیچ محافظت آنتیبادی وجود ندارد
fa_0300|هیچ مسکنی دارید؟
fa_0301|لطفا یک چاقو به من بدهید.
fa_0302|هیچ مغازه محلی وجود دارد؟
fa_0303|هیچ نعمتی بالاتر از دوستی نیست نه ثروت و نه لذت
fa_0304|هیچ هزینه اضافه ای؟
fa_0305|اتوبوس بعدی به ریودوژانیرو چه ساعتی است؟
fa_0306|در آبرنگ با رقیق کردن رنگماده مىتوان سايهروشنهاى زيبايى ايجاد کرد
fa_0307|در اتاق نشیمن راحت باشید.
fa_0308|باغ گیاه شناسی کجا است؟
fa_0309|اجازه دارم به شما یک نوشیدنی تعارف کنم؟
fa_0310|باغ می خواهید؟
fa_0311|هرچند وقت یک بار به کمپ می روی؟
fa_0312|با قاعدگی، مغز تخمدان را برای تخمکریزی تحریک میکند
fa_0313|اجازه نداشت محبت یا آسیب پذیری، کنجکاوی، یا تردید نشان دهد
fa_0314|لطفاً ممکن است قیمت این را برای من ارزیابی کنید؟
fa_0315|اجاق گاز چطور کار می کند؟
fa_0316|اجرای احجام ساده مثل کره
fa_0317|با کامپیوتر کار می کنم.
fa_0318|در اوایل جولای.
fa_0319|با کچاپ یا مایونز؟
fa_0320|احترامت واجبه خاندایی اما حرف از مردونگی نزن.
fa_0321|رفته بودی تو اتاق من؟
fa_0322|با گذر زمان، آنها تخته هایی را به شالودهی کندهی درخت افزودند
fa_0323|لوآندا
fa_0324|هرگز دوباره مشروب نخواهم خورد!
fa_0325|در برخی نمونهها در چین، عفونت همزمان با آنفلوانزا رخ داده است
fa_0326|در بیشتر شکلها همگی در مفهوم عام آن
fa_0327|هر لقمه غذایی که میخوریم از طبیعت میآید
fa_0328|احمقی كه سير و توانگر گردد
fa_0329|با موبایلش حرف می زند
fa_0330|ما الان فکس شما را دریافت کردیم.
fa_0331|هزینه کرایه یک لباس غواصی روزانه چقدر است؟
fa_0332|اخبار را برای من بفرستید، وقتی هیچ چیز بیشتری دانستید.
fa_0333|هزینه یک سبد گل چند است؟
fa_0334|هزینه مبر این نامه ها چقدر می شود؟
fa_0335|ما اهل سوئد هستیم.
fa_0336|با هر رنگی رفاقت کن اما رفاقت را رنگ نکن
fa_0337|درحال غواصی هستیم
fa_0338|آخرین قطار با استانبول چه موقع است؟
fa_0339|درحالیکه اهالی آفریقای شرقی آبجو را از موز و نخل درست کردند
fa_0340|باهم هماهنگ بشیم ولی حقیقت اینه که توی ذهن هرکسی، زمان یه جوری میگذره
fa_0341|اَخگر
fa_0342|اِخلاص
fa_0343|ببخشید، اتاق شما آماده نیست.
fa_0344|یه عروسک ناز با یه چمدون
fa_0345|ما پرتقال خواهیم خورد.
fa_0346|ببخشید اما می توانم سفارشم را عوض کنم؟
fa_0347|در دانشگاه لیورپول هستم.
fa_0348|ما تحقیقات انجام می دادیم
fa_0349|آداپتور دارید؟
fa_0350|آداپتور نیاز دارم.
fa_0351|هفتگی یا ماهیانه به من پرداخت خواهد شد؟
fa_0352|هفده
fa_0353|ما خوشحال هستیم که نامزدی دخترمان را اعلام کنیم.
fa_0354|هلوها کی میرسند؟
fa_0355|در رو یه خورده باز بذار
fa_0356|مادر بزرگا هیچ وقت دروغ نمیگن
fa_0357|ببخشید، من مکالمه شما را شنیدم.
fa_0358|آدرس چیست؟
fa_0359|ببخشید، هیچ خرچنگ دریایی بیشتری باقی نمانده است.
fa_0360|مادرم چیزی راجع به قاعدگی نمیدانست
fa_0361|درست آن طرف خیابان است.
fa_0362|ببین اون جوری که اون پسر خاله
fa_0363|یاد یک لطیفه قدیمی افتادم
fa_0364|مادرم عاشق سریالهای تلویزیونی است.
fa_0365|ماده رنگى با مادهاى ژلاتينى که معمولاً زرده تخممرغ است
fa_0366|ما دوست داریم سفارش مان را کنسل کنیم.
fa_0367|آدم از زنشم دوبار خداحافظی نمیکنه چه برسه به دوستش
fa_0368|هی می خواستم باهاش حرف بزنم نمی تونستم
fa_0369|در شغل جدیدت موفق باشی!
fa_0370|ما راهنما نیاز داریم.
fa_0371|بتونه خالص شه
fa_0372|مارمولكها كه میتوان آنها را گرفت اما به كاخ پادشاهان راه میيابند
fa_0373|بیچاره گوشیش رو زدن.
fa_0374|همیشه مضطرب بودم و احساس گناه و شرمساری می کردم
fa_0375|ماشین خراب شده است.
fa_0376|همینطور بازگرداندن اونها به شکل اولیه
fa_0377|همینطور توسط اندامها تحت تاثیر قرار بگیره
fa_0378|بیخانمانها و طوفانزدگان را سوی من راهی کنید
fa_0379|بخش پارچه کجا است؟
fa_0380|در کدام راهرو می توانم غذای کنسرو شده پیدا کنم؟
fa_0381|در یک ساعت آینده اتفاقی قابل توجه رخ خواهد داد
fa_0382|در کل شاعران از بسیاری از نقاشان و موسیقیدانان متاثر گشتند
fa_0383|همه باهمیم تمام بچههای باشگاه
fa_0384|در یک هفته.
fa_0385|بخوای منو ببینی، تا همه چیز رو مرور کنیم
fa_0386|ما عادت داشتیم با هم به ماهیگیری برویم.
fa_0387|همه تغییر دهند، لطفا.
fa_0388|بخواهم صادق باشم، باور این سخت است.
fa_0389|همهجا شادمانی قشر نازکی است که روی رنج و بیچارگی کشیدهاند
fa_0390|درمان چقدر طول می کشد؟
fa_0391|ما فقط نیاز به شجاعت داریم
fa_0392|همه چیز از کنار اون رودخونه شروع شد
fa_0393|بَدیعه
fa_0394|بدلیل کوچک و متعدد بودن امکان جراحی وجود ندارد
fa_0395|آریابرزین
fa_0396|ما گندم سیاه پرورش می دهیم.
fa_0397|بدون یخ، لطفا.
fa_0398|در مورد شکم بزرگ خود چه کار می توانم انجام دهم
fa_0399|بدون نسخه می توانید این دارو را بگیرید.
fa_0400|همون یك دفعه درس عبرت نشد؟
fa_0401|همونی که زیر چادر شلوار لی می پوشه
fa_0402|در مورد کیسه صفرا سوال داشتم
fa_0403|در هر صورت بايد پيش از آغاز بکار زمينهسازى آن انجام شود
fa_0404|هندونه بیار قاچ کنم لباتو بیار ماچ کنم
fa_0405|برای این قضیه هفتهها وقت صرف شده.
fa_0406|دیروز برف بارید؟
fa_0407|دیروز به نمایشگاه بینالمللی تبریز رفتم
fa_0408|مامان خیلی اصرار کرد تا شهال قبول کنه
fa_0409|برای بدبختی و دردمندی آن اشخاص احساس تاسف می کردم
fa_0410|دُز آن چقدر است؟
fa_0411|هنوز دوسال نگذشته بود که سر و کله
fa_0412|برای بهترین سوپ در بروسل کجا می روید؟
fa_0413|باید اینکار انجام می شد
fa_0414|آرامگاه باباقاسم
fa_0415|دیزل مصرف می کند.
fa_0416|آرامگاه علاءالدین شهشهان
fa_0417|ماناگوآ
fa_0418|برایت زندگی شاد و طولانی آرزو می کنم!
fa_0419|دستت را از جلوی من بردار!
fa_0420|آریان
fa_0421|دست رو موهات کی میکشه وقتی منو نداری
fa_0422|ما نرخ ویژه برای تمدید اقامت پیشنهاد می دهیم.
fa_0423|مانند ارسطو که در آغاز کتاب شعر خود
fa_0424|مانند بررسی جایگاه اخلاق مسائل جامعه شناختی
fa_0425|دستگاه فتوکپی کجا است؟
fa_0426|برای حمل بارتان کمک می خواهید؟
fa_0427|دشوار گویی و داشتن زبان بسیار دشوار
fa_0428|و از این منظر شعر ناب پدید میآید
fa_0429|و از تاثیرات آن روی خودش رنج نبرد
fa_0430|ما واقعاً از مسافرتمان لذت بردیم.
fa_0431|ارتباط قطع شد.
fa_0432|واژه عربیِ «عود دود کردن»، از خاطرم میرود
fa_0433|دکتر برادرم دیوانه شده است فکر میکند که یک مرغ است
fa_0434|واسه چی چراغ رو روشن می کنی؟
fa_0435|مبهوت به سمت شهال می رود
fa_0436|متاسفم، اما این غیرممکن است.
fa_0437|دگرباشان ایرانی بارها مورد حمله و ضرب و شتم قرار گرفتهاند
fa_0438|متاسفم، اما سوپ میگو تمام شده است.
fa_0439|واقعا خیلی دیر است؟
fa_0440|واقعیت این است که هر قطره آبی که مینوشیم از طبیعت میآید
fa_0441|برای کار اضافه به من پرداخت خواهد شد؟
fa_0442|و اگر حس کردند به آن دچار شدهاند چه باید بکنند
fa_0443|دلم برای تو تنگ شده است.
fa_0444|متأسفم، ما کارت اعتباری قبول نمی کنیم.
fa_0445|برای هم صدایی هم زبونی اومدی
fa_0446|و برای ایجاد عدالت بهداشتی حمایت جلب کنم
fa_0447|دنیای هنر و ورزش در جهان تبدیل شده است
fa_0448|متشکرم که امروز به اینجا آمدید.
fa_0449|دنبال این هستید که بخرید یا اجاره کنید؟
fa_0450|متقاعد کرد
fa_0451|برخاستن چو ققنوس
fa_0452|متناسب سازی ترکیب صورت در زوایای مختلف و در پرسپکتیو طراحی
fa_0453|دنبال چه نوع محل اقامتی می گردید؟
fa_0454|و تو را سرگشته يافت، پس هدايت كرد؟
fa_0455|بردهای كه پادشاه شود
fa_0456|می توانی به من کمک کنی و ظرف ها را بشویی؟
fa_0457|بررسی یک شاعر یا نویسنده که آثارش فراملی می شود
fa_0458|دین و مدرسه باید از هم جدا باشه،
fa_0459|آرشا
fa_0460|ده پوندی، لطفاً.
fa_0461|و در سایت هایی مثل فیس بوک و تویتتر هم
fa_0462|و درسی کوچک به او میدهم
fa_0463|و در طی قرن نوزدهم و بیستم رواج یافت
fa_0464|و دیگر شعرهای پیشرفته عرب هم پدیدار شد
fa_0465|دیوالی به شما مبارک!
fa_0466|ارغوان
fa_0467|برلین
fa_0468|ورود ممنوع
fa_0469|دوتا اتاق خواب، یه آشپزخانه، یه حمام دارد.
fa_0470|برمه
fa_0471|دو تا لیوان خوردی ولی اشکال نداره بازم بخور
fa_0472|دو جنس کافی نیست: زن، مرد، میانجنسی
fa_0473|می توانید بگویید ساعت چند است؟
fa_0474|یوسف قرضاوی
fa_0475|می توانید پالتو تان را دربیاورید، لطفا؟
fa_0476|برنامه های شما برای امروز چیست؟
fa_0477|می توانید چیزی برای سرفه به من بدهید؟
fa_0478|برو برام دو تا صفحه پرینت بگیر بیار.
fa_0479|وقتی امپراتوری روم به سمت جنوب در حال گسترش بود
fa_0480|دوست داری بازنشسته شوی؟
fa_0481|برو لباست رو عوض کن الان مهمونها میان.
fa_0482|دوست دارید به ما بپیوندید؟
fa_0483|آیرودینامیک مطالعه چگونگی رفتار اجسام به هنگام حرکت در گازها است
fa_0484|میتوانید عکس ها را از این کارت حافظه چاپ کنید؟
fa_0485|وقتی شما به تبعیض جنسیتی یا هر نوع بی عدالتی دیگری اعتراض کنید
fa_0486|از احتمالات دیگه صحبت نکن ما شانس نداریم
fa_0487|می توانید کتاب فروشی دست دوم رو به من نشان دهید؟
fa_0488|دوست دارم با مهماندار هواپیما صحبت کنم.
fa_0489|وقتی ماشین آماده شد با من تماس خواهید گرفت؟
fa_0490|دوست دارم توسط شرکت شما استخدام شوم.
fa_0491|می توانید یک لحظه اینجا منتظر بمانید؟
fa_0492|می توانید کمربند تان را دربیاورید، لطفا؟
fa_0493|از این امامزاده کسی معجزه نمیبینه
fa_0494|میتواند یک موضوع تطبیقی باشد
fa_0495|از این تابع معکوس بگیر.
fa_0496|می توانید لطفاً آن را در صندوق بالای سر بگذارید؟
fa_0497|می توانید لطفاً به خانواده من اطلاع دهید؟
fa_0498|می توانید لطفا یک بالشت دیگر بیاورید؟
fa_0499|بستگی دارد.
fa_0500|دوشیزه وین به زودی خانم جونز می شود.
fa_0501|می توانید هتل دیگری توصیه کنید؟
fa_0502|بیست و چهار، بیست و پنج، بیست و شش.
fa_0503|دو عاقل ممکن است بر یک چیز اتفاق کنند
fa_0504|و مشغول شستن میشود
fa_0505|دولت جدید پس از یک جنگ طولانی برای استقلال بوجود آمد
fa_0506|از بودلر آغاز شد
fa_0507|دومینیکا
fa_0508|دو هزار ضرب در پنج ده هزار است.
fa_0509|از تعریف شما متشکرم.
fa_0510|می توانیم اینجا برای دستشویی توقف کنیم؟
fa_0511|ذرات تشکیل دهنده ضد ماده کاملا ضد ذرات معمولی هستند
fa_0512|از جمله اولین هنرمندانی هستند که به نقاشیخط پرداختند
fa_0513|از چیزی نمیترسم زیرا تو همراه من هستی
fa_0514|و وقتی از قصیده دور می شوی تو را شگفتزده میکند
fa_0515|رانش زمین و ریزش کوه در جاده چالوس
fa_0516|می توانم این را در محفظه بار بگذارم، لطفا؟
fa_0517|راه زیادی برای پیاده رفتن است.
fa_0518|از حق تا ناحق چهار انگشت فاصله است
fa_0519|می توانم بپرسم آیا تو موافق هستی؟
fa_0520|بعد از او بیانسه خواننده آمریکایی در مکان دوم است
fa_0521|بعد از دقایق نامعلومی، او شروع به بهبودی کرد
fa_0522|ایزدداد
fa_0523|ریزنده آب یکی از صور فلکی منطقه البروج است
fa_0524|بعد با گرد هم آوردن گروههای مختلف فعالشان کنیم
fa_0525|از درد لاعلاجی بخرم میگه خانمباجی
fa_0526|از دست هدایتگرش برق خوشآمدگویی به جهانیان میدرخشد
fa_0527|می توانیم جداگانه پرداخت کنیم؟
fa_0528|بعضی کارهای داوطلبانه انجام می دهم.
fa_0529|می توانم چیزهایی را که خریدم عوض کنم؟
fa_0530|می توانم خواندن پیشنهاد کنم، پس؟
fa_0531|از راهنمایی شما سپاسگزارم.
fa_0532|رمضان مبارک ‎!
fa_0533|بفرمایید این نسخه شماست.
fa_0534|رنگ با آب بهصورت خمير در مىآيد سپس رقيق مىشود
fa_0535|رنگ مورد علاقه من بنفش است.
fa_0536|رنگین کمان هفت رنگ دارد.
fa_0537|رنگهاى روغنى معمولا بهصورت رنگهاى روغنى لولهاى هستند
fa_0538|می توانم صندلی ام را با شما عوض کنم؟
fa_0539|از رنگش زیاد خوشم نمیاد
fa_0540|می توانم صورتحساب را ببینم، لطفاً؟
fa_0541|از زمان و در نظر گرفتن شما متشکرم.
fa_0542|روآندا
fa_0543|می توانم یک اتاق یک نفره داشته باشم؟
fa_0544|بلافاصله شروع به لخته شدن میکند
fa_0545|سه چیز باید حذر کرد، دیوار شکسته، سگ درنده، زن سلیطه
fa_0546|از شما فورا درخواست می شود به هلند بیایید.
fa_0547|از شما میخواهم تا حرف های مرا ترجمه کنید
fa_0548|بلیت، لطفاً.
fa_0549|از فرصت ها استفاده کن قبل از آنکه موجب اندوه شود
fa_0550|روزهای کاری از دوشنبه تا جمعه است.
fa_0551|از کجا اتوبوس به سنت پترزبورگ بگیرم؟
fa_0552|از کجا تماس می گیرید؟
fa_0553|بلموپان
fa_0554|اینجا کلید اتاق شما است.
fa_0555|زانویم ضرب دیده است.
fa_0556|بله، پنج سال پیانو زده ام.
fa_0557|از کوزه همان برون تراود که در اوست
fa_0558|میتونی یک فروشگاه به من نشون بدی؟
fa_0559|زخم عمیق نیست.
fa_0560|بله، مطمئنا.
fa_0561|زیرا همه آن چیزها دامن ما را خواهند گرفت
fa_0562|زرد و قرمز نارنجی می سازند.
fa_0563|زرشک پلو
fa_0564|مثلاً بررسی تطبیقی تصوف در آثار ادبی ایران و عرب
fa_0565|مثلا در جانورشناسی به مقایسه حیوانات مختلف میپردازند
fa_0566|از مناطق پرخطر دوری کن
fa_0567|بله، من یک چمدان دارم.
fa_0568|زمان دقیق چند است؟
fa_0569|زمینه تخصص من تکنولوژی اطلاعات است.
fa_0570|مجبور بود همه ی آن احساسات را درون خود نگه دارد
fa_0571|مجبور شدم بخرم
fa_0572|مجموعه هنرهای زیبا هم نزد آنها عبارت بوده است از
fa_0573|مجموع واکنشهای شیمیایی که در بدن انجام میشه، حدود یک میلیون فرض کنیم
fa_0574|از همه پسرها متنفرم
fa_0575|بیماریهای حیوانی و انسانی
fa_0576|زنگ به زودی به صدا درمی آید.
fa_0577|محققان در جریان مطالعات آزمایشگاهی بر روی موش دریافتند
fa_0578|بنابراین آنان را از میوههایشان خواهید شناخت
fa_0579|مادهشتر خدا و نوبت آبخوردنش را حرمت نهيد
fa_0580|ژاژ خایید
fa_0581|بنیامین و آشا از صحنه خارج می شوند
fa_0582|بِنتالحسنی
fa_0583|ژاکت تنگ است.
fa_0584|بندرگاه کجا است؟
fa_0585|میخواستم بیاورم اما به تخممرغهایش نیاز دارم
fa_0586|اِسپند
fa_0587|بَهاءالدین
fa_0588|ساختمان در حال آتش گرفتن است!
fa_0589|به امید اینکه علائمش کاهش یابد
fa_0590|به این زودی نگو دیره منو دسته خدا نسپار
fa_0591|ساعتی ده پوند.
fa_0592|به این کارت میگن داری میرقصی
fa_0593|می خواهید شما را در لیست انتظار بگذارم؟
fa_0594|می خواهید شما رو در لیست ایمیل قرار دهیم؟
fa_0595|استکهلم
fa_0596|به بررسی متون ادبی و آثار هنری همعصر میپردازد
fa_0597|به بعضی ها حتی فحش هم نباید داد باید خندید و رد شد
fa_0598|به بیماری بسیار سختی دچار میشوند
fa_0599|ساعت محلی نه و سی و چهار دقیقه بعد از ظهر است.
fa_0600|به تدریج منجربه ممنوعیت کلی الکل شد
fa_0601|بهتر است که مسواک در جايی خشک مانند آشپزخانه نگهداری شود
fa_0602|ساعت نه خواهیم آمد.
fa_0603|بهترین رفیق پسر، باید پدرش باشه
fa_0604|بهترین فعالیت برای انجام دادن در کمپ چیست؟
fa_0605|به تو چه ربطی داره؟
fa_0606|می خواهم با والدینم تماس بگیرم.
fa_0607|می خواهم بروم ایستگاه چرینگ کراس.
fa_0608|به جای صابون جامد از نوع مايع و از شامپو بدن استفاده کنيد
fa_0609|می خواهم بلیط فصلی را تجدید کنم، لطفاً.
fa_0610|می خواهم ده پوند در آن بگذارم.
fa_0611|می خواهم ده لیتر داشته باشم.
fa_0612|به خاطر همین گفتی باهات کار خیلی واجب دارم؟
fa_0613|سپاس از زحماتتون
fa_0614|می خواهم سیب زمینی سرخ کرده و میلک شیک سفارش دهم.
fa_0615|آسمان دارد صاف می شود.
fa_0616|به خصوص وقتی اضطراب یا استرس دارم
fa_0617|به خودم قول داده ام که به عنوان کمیسر بهداشتی نیویورک
fa_0618|ستاره درحال صحبت کردن به اتاق می رود
fa_0619|می خواهم یک چک را کنسل کنم.
fa_0620|به دم ماهی زشت و سیاه ختم شود
fa_0621|می خواهم یک میز برای دو نفر ساعت هفت بعدازظهر رزرو کنم.
fa_0622|می خواهم کمی کتاب شعر ببینم.
fa_0623|اَسنا
fa_0624|می خواهم کمی کتاب هنری بخرم.
fa_0625|یاشار این زنتو بردار ببر داره زیادی حرف میزنه
fa_0626|آشا سر کاظم را خم میکند و آب بر رویش میریزد
fa_0627|سرخاب قرمز زرشکی رو روی لبهام
fa_0628|می خواهم هدیه ای به تو بدهم.
fa_0629|اشپوخت
fa_0630|سرعت سنج کار نمی کند.
fa_0631|مداد رنگى کاربردهاى بسيار وسيعى دارد
fa_0632|به ستوه آمده از این حجم از ادب و نزاکت
fa_0633|اَشجان
fa_0634|به سرعت آنجا خواهیم رسید.
fa_0635|سرگرمی تو چیست؟
fa_0636|به سمت چپ نگاه کن.
fa_0637|سس کره، زعفران و آبلیمو
fa_0638|می دونست، منم شاکی
fa_0639|آشنایی با ابزار و لوازم ذغال و نحوه کارکرد هر یک
fa_0640|به طوری که شعرشان به لحاظ لفظی یا معنایی شبیه هم باشد
fa_0641|آشور
fa_0642|مرا در رویاهایت سهیم کن
fa_0643|مراقب باش، خیابان ها بسیار لغزنده هستند.
fa_0644|سَغ برداشت
fa_0645|سفارش داد
fa_0646|سفارش شما به سرعت ممکن در حال پردازش است.
fa_0647|سفارش شما ظرف مدت پنج دقیقه روی میز خواهد بود.
fa_0648|مرتب مریض می شدم، نمی توانستم فکر کنم، نمی توانستم اتفاقات را بخاطر بیاورم
fa_0649|به کمبریج رفتم.
fa_0650|مرحلههای تاریخی فراوانی در بررسی ادبیات
fa_0651|مردایی که خوبن، آدمای ضعیفین، حالم رو بهم می زنن
fa_0652|اصول و مبانی آن را وضع کردند و اهداف آن را مشخص کردند
fa_0653|مردی هستم که کتاب جهان به مثابه اراده و تصور را نوشته است
fa_0654|به مدت یک سال.
fa_0655|به معنای واقعی کلمه با سرعت حلزون حرکت می کنند
fa_0656|اطمینان حاصل کنید که جلیقه نجات پوشیده اید.
fa_0657|سگ برینه به قبر پدرت
fa_0658|سیگنال خیلی ضعیف است.
fa_0659|سیگنال ندارم.
fa_0660|سلام آقای دکتر دختر من سه سالشه و لوزه سوم داره
fa_0661|اعتماد داشت
fa_0662|سلام، حالت چطوره؟
fa_0663|اعداد به تنهایی حضور موجودات فضایی را معقول میداند
fa_0664|میزان تجمیع شده اکنون انرژی اضافی بیشتری را به دام میاندازد
fa_0665|اعضای تیم بسکتبال چه کسانی هستند؟
fa_0666|میزان درآمد در رتبه بندی مجله فوربس نقش مهمی دارد
fa_0667|سلول روی سلول درست مثل آجر چیدن
fa_0668|مزايای زايمان طبيعی
fa_0669|مست در حس، تنها با ستاره های آسمون
fa_0670|اغلب دوستان من اعضای باشگاه هستند.
fa_0671|مستقیم جلو.
fa_0672|به هر حال ممنونیم از قرصها، بخصوص آنتیبیوتیکها
fa_0673|مسجد آقا نور
fa_0674|به همسران مردان مبتلا در مورد مراقبت از خودشان مشاوره میدادیم
fa_0675|مسجد جارچی
fa_0676|مسجد شاه
fa_0677|افراد سالمند در تمام جوامع در خطر هستند
fa_0678|به ویژه در بین نسل جوان در رابطه با عدم فعالیت جهانی وجود دارد
fa_0679|به ویژه در کف دست ها، زیر بغل، و کف پا
fa_0680|بیهوش میشود
fa_0681|اَفراسیاب
fa_0682|سه راه بپیچ سمت راست.
fa_0683|مشقاسم بیراه نمیگه.
fa_0684|آفرین به خاطر ورود به دانشگاه!
fa_0685|بوگوتا
fa_0686|اَفروخته
fa_0687|می شود پنجره را باز کنم؟
fa_0688|بيشتر تصويرگران و طراحان تبليغاتى
fa_0689|مصوب فرهنگستان هم هست
fa_0690|سوپ دریایی، لطفاً.
fa_0691|مطمیئنم شما والدین فوق العاده ای خواهید بود.
fa_0692|افسانهها میگن سگها واسطهی دنیای زندهها با مردههان
fa_0693|سوپ کشک
fa_0694|سوپ گوجه
fa_0695|سوت زد
fa_0696|سی و چهار، سی و پنج، سی و شش.
fa_0697|معذرت میخواهم درباره آن کلمه
fa_0698|معراج از قدم ساخت
fa_0699|معروف به مخمرها
fa_0700|پیاز را سرخ کرده و نمک و زردچوبه را به آن اضافه میکنیم
fa_0701|اَفنان
fa_0702|پاسخ داد
fa_0703|سوفله
fa_0704|سووا
fa_0705|سوئد
fa_0706|اقدامات ماجراجویانه
fa_0707|مقداری سیب در یخچال وجود دارد.
fa_0708|مقداری شوینده نیاز دارم.
fa_0709|مقداری کیسه زباله نیاز دارم.
fa_0710|شاید هنوز به پول اهمیت می دهید
fa_0711|شاید واقعن اون چیزی که مهمه تغییر رویکرد جدی در درمانه.
fa_0712|مکاتب ادبیات تطبیقی
fa_0713|پیتزا دوست دارید؟
fa_0714|پجاه و چهار، پنجاه و پنج، پنجاه و شش.
fa_0715|شامل صبحانه است؟
fa_0716|ای که معنی اسم تو آسمون پاکه
fa_0717|اکوادور
fa_0718|شب بخیر و رویاهای شیرین ببینی!
fa_0719|میگن جنازه پسرش پیدا شده همهی اهل محل میرن برای تسلیت شما نمییاین؟
fa_0720|اگر توصیه من را دنبال کنید، شما موفق خواهید شد.
fa_0721|ملخها كه رهبری ندارند ولی در دستههای منظم حركت میكنند
fa_0722|میل دارید هیچ چیزی بخورید؟
fa_0723|پرشدگی دندانم را از دست داده ام.
fa_0724|اگر واقعا مسلح به این مِنوتوکسین مخفی بودیم
fa_0725|پیرهن زرشكی ستاره هم خیلی بهش میاد
fa_0726|میلیون ها مایل
fa_0727|پروژه رو سروقت میخوام.
fa_0728|پروک
fa_0729|پزشکی خیلی هم علم قطعی و مبتنی بر دو دوتا چهارتا نیست
fa_0730|ممکن است یک جفت جوراب به من بدهید؟
fa_0731|ممکن است یک کپی از گزارش تصادف داشته باشم؟
fa_0732|شش تای اول پروازهای آزمایشی بدون سرنشین بودند
fa_0733|شش تکه ژامبون می خواهم.
fa_0734|ممکن است لپ تاپ را به من بدهید؟
fa_0735|ممکن است لطفاً این بسته را هرچه سریع تر بفرستيد؟
fa_0736|پس پند ده، اگر پند سود بخشد
fa_0737|شصت و چهار، شصت و پنج، شصت و شش.
fa_0738|شصت و یک، شصت و دو، شصت و سه.
fa_0739|ممکن است لطفاً کمی آب به رادیاتور اضافه کنید؟
fa_0740|الان باید اینجا یک جراح گوش و حلق و بینی داشتیم
fa_0741|پس چرا نمیشه از شَرّ دیابِت و پُرفشاری خون خلاص شد؟
fa_0742|ممکن است لطفاً مایع ترمز را پر کنید؟
fa_0743|ممکنه لطفاً یک گواهی ریز حساب بانکی بدهید؟
fa_0744|شعر حماسی و تراژدی و
fa_0745|پسرا هرچی با هم صمیمی تر باشن بیشتر به هم فحش میدن
fa_0746|الآن وقت مناسبی است که صحبت کنیم؟
fa_0747|پسری كه به دنبال زنان بدكاره میرود اموالش را بر باد میدهد
fa_0748|پسره از اوناس که یه من ژل مالیدن به سرشون
fa_0749|پس سعی نكن مث بچه ها
fa_0750|شعر نقاشی پیکرتراشی و رقص میپردازد
fa_0751|پس من دارم تقاص کارام رو پس می دم؟
fa_0752|شکل مسیر بیانگر گردشهای دشوار میباشد
fa_0753|اِلزا
fa_0754|شله زرد
fa_0755|شما اخراج هستید!
fa_0756|من از دماغم برای بو کردن استفاده می کنم.
fa_0757|من از شانس گسترش دانش خود قدردانی می کنم.
fa_0758|من از کار کردن در فضای باز لذت می برم.
fa_0759|شما باید برای خودتان یک شغل جدید پیدا کنید.
fa_0760|من استقبال می کنم از فرصت برای بحث جزییات بیشتر.
fa_0761|پلاکاشون، مشخصات و لباسا هفتهی بعد تشیع میشن، قبلش میتونیم بریم
fa_0762|من اسموتی پاپایا می خواهم، لطفا.
fa_0763|پل خواجو
fa_0764|پل مالری که استاد سمبل در ادبیات فرانسه است میگوید
fa_0765|من آکاردئون می نوازم.
fa_0766|من اگه پنج تا پسر دیگه هم داشتم اسم همشون رو میذاشتم بِهرنگ!
fa_0767|من امشب خانه می مانم.
fa_0768|پهلوی هم قرار دهد و یا موجودی بسازد که
fa_0769|پودگوریتسا
fa_0770|پورت لوئیس
fa_0771|شماره فکس چیست؟
fa_0772|شما سلیقه فوق العاده ای در لباس دارید.
fa_0773|شما هر روز قانونشکنی میکنید
fa_0774|آماده اتفاقهای پیشبینی نشده باشید، اما قوی و امیدوار باقی بمانید
fa_0775|تا بهت بگم متاسفم، برای همه ی اون کارهایی که کردم
fa_0776|شناخت چرخه و جدول سایه روشن
fa_0777|تایپه
fa_0778|من آووکادو دوست دارم.
fa_0779|اُمالبنین
fa_0780|من باید بروم و دوستانم را پیدا کنم.
fa_0781|شهاب پنجاه و نهیه، چه سالی میشن؟
fa_0782|شهاب تلاش می کند سوزش و درد را مخفی کند
fa_0783|شهر پراگ تختگاه و دارالاماره جمهوری چک در یک آتشسوزی نابود شد
fa_0784|شهلا تو رو خدا بگو چی شده؟
fa_0785|تاریخ می خوانم.
fa_0786|اَمجد
fa_0787|من با نظر شما موافق نیستم.
fa_0788|امید روی صندلی ضرب گرفته است و آواز می خواند
fa_0789|امید سرش را پائین می اندازد و از در خارج می شود
fa_0790|یک خودکار بیاورم.
fa_0791|تا فرودگاه چقدر هزینه خواهد داشت؟
fa_0792|من برای تقریبا دو سال سرپرست او بودم.
fa_0793|امیدوارم اقامت لذت بخشی داشتید.
fa_0794|امیدوارم تمام آرزوهایت برآورده شوند.
fa_0795|صحيفههاى ابراهيم و موسى
fa_0796|صدام بزن که مریض صداتم
fa_0797|صد سال تنهایی رو خوندم
fa_0798|تبدیل کرد
fa_0799|صد ضرب در ده هزار است.
fa_0800|تبریک به خاطر قبول شدن در امتحان رانندگیت!
fa_0801|صندلی کنار پنجره دوست دارم.
fa_0802|من به تجویز یک آرام بخش نیاز دارم.
fa_0803|امیرپاشا
fa_0804|امیرپویا
fa_0805|صندوق پست کجاست؟
fa_0806|من به راکفلر سنتر می روم.
fa_0807|ترافیک امروز وحشتناک بود.
fa_0808|امیرحِسام
fa_0809|امیرذوالفقار
fa_0810|ضروریات پذیرش چیست؟
fa_0811|من به نژادپرستی اعتراض خواهم کرد
fa_0812|طالبی را به تکه های ضخیم تقسیم کن.
fa_0813|تردد در محورهای استان مازندران ممنوع است
fa_0814|من به هیچ دارویی حساسیت ندارم.
fa_0815|طبل و عَلَم و کوس و آنچه به آن روَد که سالاران را دهند
fa_0816|امیرسهیل
fa_0817|طی چند هزار سال، همهی فرهنگها در سراسر جهان
fa_0818|طرح روى مقواى کارتن منتقل شود
fa_0819|طرف چپ شکمم درد میکنه شبها نمیتونم روش بخوابم
fa_0820|ترک کرده ام.
fa_0821|امیرعرفان
fa_0822|تریلیون
fa_0823|طول عمر هر سلول چشایی انسان ۱۰ روز است
fa_0824|عادت بدی که کمتر اکسیژن مصرف کنن، میتونی نفست رو بیشتر حبس کنی
fa_0825|من پیشتم و دلیلی نداره از چیزی بترسی
fa_0826|من پیشنهاد می کنم با جیا صحبت کنی.
fa_0827|تصدیق میکنه که پزشکی یک رشته غیر دقیق و مبهمه
fa_0828|تصمیم گرفت
fa_0829|عیبی ندارد.
fa_0830|تصویر شهاب را
fa_0831|عدالت اجتماعی در مرکز توجه سیاست ملی بهداشتی زیمباوه بود
fa_0832|عدس پلو
fa_0833|عدم توازن غیر ژنتیکی پروتئین
fa_0834|تعداد دانشجوهای خارجی غیرسفید پوست،
fa_0835|من تمام قلبم عاشق تو هستم.
fa_0836|تعداد مرگومیر قطعا از مرگهای ناشی از سارس بیشتر است
fa_0837|امیروحید
fa_0838|عزیمت کرد
fa_0839|من تو را به عروسی دعوت می کنم.
fa_0840|عضو بسیار حساسی است
fa_0841|تقاطع راه آهن و خیابان
fa_0842|تقریبا پنج دقیقه پیاده روی است.
fa_0843|عکس فرستادم گفتید نیاز به عمل نداره
fa_0844|عکس گرفتن مجاز است؟
fa_0845|علاوه بر این، سلولهای بنیادی خاصی در مغز، خون و غیره وجود داره
fa_0846|تقریباً کل نیمه شرقی ایالات متحده
fa_0847|تقصیر داییم نبود، خانومش خیلی چیز بود، چی می گن
fa_0848|یعنی ادبیات یک زبان باید با ادبیات زبان دیگر مقایسه شود
fa_0849|من خوشحال می شوم شما را ملاقات کنم، آقای دیه گو گارسیا.
fa_0850|تقویت ارتباط بین کشورهای جهان که حاصل پیشرفت علمی است
fa_0851|یعنی همه متولدای دی اینجورین؟
fa_0852|امکان آلودگی رادیواکتیو وجود دارد
fa_0853|تک سایز و تک رنگ
fa_0854|من دخترك گل فروشی را می بینم که چشمانش محبت آرزو می کند
fa_0855|غذای مخصوص خانه چیست؟
fa_0856|تلگرام آواهای مشترک را جستجو کنید
fa_0857|فاقد دولت مرکزی و ضرب سکه بودند
fa_0858|من در یک فروشگاه کار میکنم.
fa_0859|من در هتل فور سیزن می مانم.
fa_0860|تمدن بینالنهرین و مصریان باستان در تمام طول سال
fa_0861|فردا ساعت ۲ بعدازظهر نمی توانم برسم.
fa_0862|من دنبال دستکش هایی می گردم.
fa_0863|فردا، ما زمین را شخم می زنیم.
fa_0864|فردی پیش یک روانپزشک میرود و میگوید
fa_0865|من دنبال یک قطعه جواهر کوچک می گردم.
fa_0866|فرم اعلام گمرک را پر کنید.
fa_0867|فرم پره بینی میزان قوص خطوط و فاصله سوراخ بینی نسبت به یک دیگر
fa_0868|من دنده گاو می خورم، لطفا.
fa_0869|این آبجو برای همه طبقات اجتماعی در دسترس بود
fa_0870|توارد یعنی شعر سرودن دو شاعر بدون اطلاع از همدیگر
fa_0871|این اتاق خیلی سروصدا دارد.
fa_0872|این اتاق خیلی کوچک است.
fa_0873|این اتاق شماست.
fa_0874|فروخت
fa_0875|من دو پا برای دویدن دارم.
fa_0876|فروماژ
fa_0877|تو الان داری منو میخری؟
fa_0878|فَسانیدن
fa_0879|من دوست دارم توسط یک زن معاینه شوم.
fa_0880|تو باید ویلیام باشی.
fa_0881|فضاهايى شبيه به آبرنگ را مىتوان با آنها ايجاد نمود
fa_0882|من دوست دارم فوتبال آمریکایی تماشا کنم.
fa_0883|فقط با نسخه موجود است.
fa_0884|فقط خشکشویی
fa_0885|تو به کدام کالج میروی؟
fa_0886|فقط قربانی تان را تخریب نکردید.
fa_0887|فقط یک آپارتمان یک خوابه می خواهم.
fa_0888|تو چشم های زیبایی داری.
fa_0889|تو چند تا بچه داری؟
fa_0890|این آهنگها چیه گوش میدی؟
fa_0891|فكر می کنم حرف تو رو گوش می ده
fa_0892|این بازیگر یکی از مورد علاقه های من نیست.
fa_0893|فکر کردی من شکننده ام،ولی نمی تونی منو بشکونی
fa_0894|فکر کردی من یه بچه کوچیکم؟
fa_0895|من ساعت یک و نیم بعدازظهر بازخواهم گشت.
fa_0896|تور راهنمای بعدی چه موقع است؟
fa_0897|تو رو قرآن اگه چیزی شده بگو.
fa_0898|تو شانس آوردی که تیر، کجکی خورده توی کتفت!
fa_0899|این پرواز از چه گیتی ترک می کند؟
fa_0900|تو غَرّه بدان مشو که می مینخوری صد لقمه خوری که می غلامست آنرا
fa_0901|راه نروید!
fa_0902|من سوپ پیاز فرانسوی می خواهم.
fa_0903|توقفی وجود دارد؟
fa_0904|انتخاب کرد
fa_0905|من شاهد مرگ همکاران ودوستان بودم
fa_0906|انتظارات حقوق شما چیست؟
fa_0907|فیلم برنده جایزه در فستیوال کانس شد.
fa_0908|من شما را به او وصل میکنم.
fa_0909|تو مترو همه منو چپچپ نگاه میکردن.
fa_0910|من شما را به یک نوشیدنی دعوت می کنم.
fa_0911|من شنیده ام آتن مکان زیبایی است.
fa_0912|من صبح ترک می کنم.
fa_0913|من طلای هجده عیار را ترجیح می دهم.
fa_0914|اینجا بر دروازههای موجزده ما
fa_0915|منظورم این بود که با چه روشی میشه نفس رو بیشتر حبس کرد؟
fa_0916|قاف، سوگند به قرآن باشكوه
fa_0917|قایقها پشت سرمون میاومدن
fa_0918|قانع به یک استخوان ، چو کرکس بودن
fa_0919|من عضو باشگاه هستم.
fa_0920|قحطیها و زلزلهها در جایهای گوناگون خواهد آمد
fa_0921|قدرت انتقال پیام اثر چند برابر می شود
fa_0922|قدرت عذرخواهی را کشف کردم
fa_0923|جایگاه یازده برای ده و بیست و دو دقیقه به وارسا.
fa_0924|جانی دپ هنرپیشه و بازیگر فیلم هایی مثل آلیس در سرزمین عجایب
fa_0925|قرار گذاشتم جزوه ها رو ازش بگیرم
fa_0926|جدول زمانی قطارها کجا است؟
fa_0927|قرقاول دوست دارم.
fa_0928|قرمز و آبی ارغوانی می سازند.
fa_0929|آن جفت دمپایی را به من نشان دهید، لطفا.
fa_0930|جلو آینه به خودم گفتم به روت نیار
fa_0931|جلویت را نگاه کن!
fa_0932|من قبلاً این بیماری را نداشتم.
fa_0933|قصیده های معلقه نام هفت قصیده از شاعران فصیح عرب است
fa_0934|جمهوری دمکراتیک کنگو
fa_0935|جنگ کرد
fa_0936|قیمت هر شب چند است؟
fa_0937|این خط اشغال است.
fa_0938|قند موجود در میوههای رسیده موجودات میکروسکوپی را جذب میکند
fa_0939|من یک پارچ لیموناد می خواهم.
fa_0940|این خیلی سرد است.
fa_0941|من یک پالت سایه می خواهم.
fa_0942|من یک تاج گل از گل های تازه برای عروس نیاز دارم.
fa_0943|قومی بر قوم دیگر و حکومتی بر حکومت دیگر بر خواهند خاست
fa_0944|این خواهر او است.
fa_0945|من یک تکه پای سیب میخواهم.
fa_0946|كلاغها چشمانش را از كاسه در میآورند و لاشخورها بدنش را میخورند
fa_0947|من یک دست بلندگو برای کامپیوترم نیاز دارم.
fa_0948|من یک دسته گل رز قرمز می خواهم.
fa_0949|من یک دفترچه یادداشت می خواهم.
fa_0950|من یک دیکشنری توضیحی نیاز دارم.
fa_0951|این دستکش ها خیلی تنگ هستند.
fa_0952|من کرفس دوست دارم.
fa_0953|این دفعه سگها، زنده ها رو به زیر خاک هدایت میکنن
fa_0954|چراغ راهنما
fa_0955|من یک سگ و دو گربه دارم.
fa_0956|من یک فنجان دیگر قهوه می خواهم.
fa_0957|آن را در مدرسه یاد گرفتم.
fa_0958|آن را ضدعفونی کنید، لطفا.
fa_0959|من یک لیتر روغن آفتابگردان می خواهم.
fa_0960|من کلیدهایم را در ماشین جا گذاشته ام.
fa_0961|این رجحانی برای من بود که بسیار احساس غرور می کنم
fa_0962|انرژی خیلی کمی دارم.
fa_0963|یکی از معماران توافقنامه اقلیم پاریس
fa_0964|من کمی انجیر کارامل شده می خواهم.
fa_0965|چشمههای آب گرم تفلیس در گرجستان
fa_0966|من کمی سوپ گوجه فرنگی می خورم، لطفا.
fa_0967|این سفارش من نیست.
fa_0968|آن سمت چپ شما خواهد بود.
fa_0969|کامپیوتر من ویروس دارد.
fa_0970|من یک نقشه مسیرهای پیاده روی این منطقه را می خواهم.
fa_0971|من یک همستر دارم.
fa_0972|این شامپانزه، ناخواسته روی یک فرآیند گیر افتاده است
fa_0973|چطور کامپیوتر را روشن کنم؟
fa_0974|من گیلک هستم
fa_0975|یکی بخرید یکی نصف قیمت ببرید
fa_0976|من گوشه آکسفورد استریت و تاتنهام کورت رود هستم.
fa_0977|این عادیه که من از خودم حرف بزنم، متاسفم
fa_0978|این علائم در عدم تحمل لاکتوز شایع است
fa_0979|من ماهی قزل آلا دودی می خورم.
fa_0980|چقدر طول می کشد به اوساکا برسد؟
fa_0981|کبوتری نشسته است که از دیار پر گلت شکوفهای گرفتهاست فضای با صفای
fa_0982|یک پای ثابت در بیمارستان های سراسر جهان
fa_0983|این قطار اینجا پایان می یابد.
fa_0984|من میخواستم یک فیلم کمدی ببینم.
fa_0985|کتاب الاغانی از ابوالفرج اصفهانی پر است از انواع شعر غنایی
fa_0986|من می خواهم با سئول تماس بگیرم.
fa_0987|چگونه با كسى كه در گهواره و كودک است سخن بگوييم؟
fa_0988|این کارت پستال را به صندوق نامه بیندازید، لطفا.
fa_0989|من می خواهم چند کتاب رنگ آمیزی ببینم.
fa_0990|چند تا تخم مرغ نیاز دارید؟
fa_0991|من می خواهم یک بند ساعت چرمی ببینم.
fa_0992|من می خواهم یک تماس با هزینه طرف مقابل بگیرم.
fa_0993|من می خواهم یک جفت چکمه های ولینگتون را ببینم.
fa_0994|من می خواهم یک رنگ روشنتر را ببینم.
fa_0995|این یک موقعیت موقت یا دائمی است؟
fa_0996|کجا صبحانه می خوریم؟
fa_0997|من می خواهم یک کرونومتر ببینم.
fa_0998|چه ابزار موسیقی می نوازی؟
fa_0999|کجا می توانم برای یک لحظه بنشینم؟
